id,title,original_language,release_date,budget,revenue,roi,vote_average,vote_count,runtime,success
1563969,Lesbian Western - The Feature,en,2024-11-13,50000,10000,0.2,0.0,0,134,0
1560129,Tortilla,fr,2024-01-03,25,1,0.04,3.0,1,0,0
1548767,Principiul incertitudinii,ro,2024-09-01,20000,1000,0.05,0.0,0,0,0
1373959,Diarios de Cuarentena,es,2024-10-20,400,200,0.5,0.0,0,0,0
959326,You and Trinh,vi,2024-12-15,2156845,3813746,1.7682,0.0,0,136,1
1539429,El Cine Está Primero,es,2023-08-18,700,300,0.4286,0.0,0,0,0
1560575,The Arcana Imperium: Judgement of Cinder,en,2022-09-05,10000000,170000000,17.0,0.0,0,198,1
757341,The Butcher's Daughter,fr,2022-01-19,5000000,1085112,0.217,5.3,58,91,0
565470,Roe v. Wade,en,2021-04-02,6750000,23561,0.0035,5.646,41,112,0
1038141,Crappy Christmas - Operation Christmas Child,en,2021-07-10,5000,120,0.024,7.0,1,5,0
1550505,Jetsonio,en,2021-06-10,342,4535,13.2602,0.0,0,33,1
1548116,Nuclear Fusion Battle - Eyebrows Puppet,en,2021-01-05,12,223,18.5833,0.0,0,22,1
1476402,Resurgence.mp4,en,2021-10-16,100,1000,10.0,0.0,0,9,1
1563900,Sydney Stories,en,2021-07-30,50000,10000,0.2,0.0,0,100,0
1563872,Climb On,en,2021-07-28,20000,10000,0.5,0.0,0,90,0
1550545,Anything Else?,en,2021-12-22,1323,4543,3.4339,0.0,0,31,1
1550530,Nuclear Fusion Battle - Sisters Children,en,2021-12-05,332,1212,3.6506,0.0,0,18,1
1563456,El Cap Wedding,en,2020-09-04,20000,10000,0.5,0.0,0,85,0
1560572,The Arcana Imperium: The Whisper Agents,en,2020-02-06,2500000,54800000,21.92,0.0,0,169,1
1548108,Rodney Hood,en,2020-10-22,455,8887,19.5319,0.0,0,17,1
1548096,Nuclear Fusion Battle - Repolished Snubbs,en,2020-02-29,257,1,0.0039,0.0,0,20,0
1442134,Aislamiento,es,2020-04-30,10,1,0.1,0.0,0,40,0
612571,Every Time I Die,en,2020-10-21,1000000,27913,0.0279,5.174,23,98,0
1547868,SlimJesus Origins,en,2019-10-10,20,50,2.5,0.0,0,12,1
1405718,Monokrom,id,2019-12-07,12,100,8.3333,0.0,0,0,1
440472,The Upside,en,2019-01-10,37500000,125000000,3.3333,7.131,1341,126,1
428836,Ophelia,en,2019-06-28,12000000,242115,0.0202,7.105,583,114,0
1564887,Storie Di Un Mondo Infame,it,2018-01-03,150,350,2.3333,0.0,0,0,1
1560568,The Arcana Imperium: Seal of the Forgotten,en,2018-07-04,20000000,69300000,3.465,0.0,0,134,1
1559956,The day we stopped bullying,en,2018-08-28,64000,128,0.002,0.0,0,4,0
510030,Solstice,en,2018-12-18,130,65,0.5,2.0,1,48,0
300906,Atrocious,es,2018-10-26,7000,74,0.0106,6.588,80,79,0
420634,Terrifier,en,2018-01-25,35000,421798,12.0514,6.34,2791,84,1
397722,Thoroughbreds,en,2018-03-09,5000000,2830775,0.5662,6.4,1202,92,0
1463070,Dolph Roy's Rockalypse,en,2018-11-09,1500,4000,2.6667,0.0,0,31,1
1561003,Codename 47,en,2017-08-04,100000000,1700000000,17.0,0.0,0,153,1
353570,The Tiger Hunter,en,2017-03-31,1250000,62398,0.0499,5.7,25,96,0
318070,Siti,id,2016-01-28,8057,23742,2.9468,6.429,7,88,1
308453,The Bronze,en,2016-01-22,3500000,615816,0.1759,6.045,380,108,0
310131,The Witch,en,2016-02-19,4000000,40423945,10.106,6.996,7369,92,1
306947,The Invitation,en,2016-04-08,1000000,354835,0.3548,6.427,2738,100,0
323929,Krisha,en,2016-03-18,30000,144822,4.8274,6.8,205,81,1
291351,The Sea of Trees,en,2016-04-27,25000000,909000,0.0364,6.212,524,110,0
313922,Green Room,en,2016-04-15,5000000,3800000,0.76,6.727,2822,95,0
1541717,Exactly Midnight,en,2016-12-14,2000,3000,1.5,0.0,0,18,1
1490365,The Pinkyu Movie,en,2016-07-13,335,132,0.394,0.0,0,0,0
1567339,Mad Max: Fury Road - Black & Chrome Edition,en,2016-11-01,150000000,378858340,2.5257,0.0,0,0,1
1541861,Avoidant,en,2015-12-15,1000,2000,2.0,0.0,0,20,1
1538219,Dix-sept ans pour toujours,fr,2015-01-01,10,15,1.5,0.0,0,0,1
561786,Objects in Mirror,fa,2015-08-06,10000,100000,10.0,0.0,0,94,1
309038,300 Worte Deutsch,de,2015-02-05,2000000,276792,0.1384,5.6,39,92,0
270303,It Follows,en,2015-02-04,2300000,23374076,10.1626,6.589,6663,101,1
167810,Lost River,en,2015-04-08,2000000,45431,0.0227,5.7,622,95,0
309882,Patterns of Evidence: The Exodus,en,2015-01-19,300000,925576,3.0853,7.0,26,115,1
283235,99 Homes,en,2015-09-25,8000000,1411927,0.1765,6.792,796,112,0
1019939,Hundreds of Beavers,en,2024-01-26,150000,1267995,8.4533,7.227,214,108,1
413846,1992,en,2024-08-29,6500000,2900000,0.4462,6.93,178,96,0
1094605,The Duel,en,2024-07-31,800000,7400000,9.25,5.643,28,99,1
938614,Late Night with the Devil,en,2024-03-19,2000000,15469415,7.7347,7.112,1836,93,1
918287,I Used to Be Funny,en,2024-06-07,2000000,160499,0.0802,6.66,53,106,0
852247,Problemista,en,2024-03-01,12000000,2503154,0.2086,6.853,119,104,0
1109940,Accidental Texan,en,2024-03-08,10000000,141270,0.0141,5.5,11,103,0
1127578,The Stones and Brian Jones,en,2024-04-25,326000,41000,0.1258,7.1,7,93,0
995746,Rosalie,fr,2024-04-10,7000000,308326,0.044,6.596,78,115,0
726139,Project Silence,ko,2024-07-11,14750000,6283415,0.426,6.921,366,96,0
790462,I.S.S.,en,2024-01-19,13800000,6605079,0.4786,5.811,322,96,0
587563,Kensuke's Kingdom,en,2024-02-07,11000000,2919215,0.2654,7.2,45,84,0
785429,Ozi: Voice of the Forest,en,2024-03-07,37500000,2779874,0.0741,5.912,17,87,0
1137196,Blaga's Lessons,bg,2024-01-19,1140000,167000,0.1465,6.6,14,114,0
1153428,The Trust Fall: Julian Assange,en,2024-01-25,125000,321171,2.5694,10.0,1,128,1
1075971,"Food, Inc. 2",en,2024-04-09,2000000,28161,0.0141,6.786,14,94,0
914206,The Beast,fr,2024-02-07,7500000,760979,0.1015,6.295,219,146,0
972119,Making Of,fr,2024-01-10,4000000,1261221,0.3153,5.681,138,119,0
1057999,Enea,it,2024-01-11,8178032,1,0.0,6.2,148,115,0
974635,Hit Man,en,2024-05-16,8800000,5101673,0.5797,6.797,1420,116,0
1045770,Daaaaaalí!,fr,2024-02-07,6700000,3,0.0,6.121,298,78,0
977262,Ezra,en,2024-05-30,5000000,3046741,0.6093,7.0,97,100,0
975773,Wicked Little Letters,en,2024-02-23,12600000,27219729,2.1603,6.933,560,100,1
882059,Boy Kills World,en,2024-04-24,18000000,3139717,0.1744,6.759,717,110,0
712022,Party of Fools,fr,2024-01-24,6000000,703176,0.1172,5.7,31,122,0
1069200,The Teacher,ar,2024-05-16,3000000,57251,0.0191,5.7,7,118,0
834562,Poolman,en,2024-05-09,10000000,158933,0.0159,4.339,56,100,0
1160878,The Blue Star,es,2024-02-23,4,650,162.5,7.512,42,125,1
1085170,Taste of Freedom,uk,2024-03-07,922588,24395,0.0264,6.4,7,116,0
1057006,Sight,en,2024-05-24,6000000,7,0.0,6.1,36,103,0
976584,The Book of Clarence,en,2024-01-11,40000000,6205230,0.1551,5.867,113,129,0
1212102,Songs of Love from Hawaii,ko,2024-10-30,800000,250000,0.3125,5.0,1,62,0
1485432,Emotion Is Dead,en,2024-06-01,200000,10769,0.0538,0.0,0,89,0
1075772,The Last Grind,en,2024-06-01,200000,10769,0.0538,7.0,4,89,0
1546372,Road to Harvard,en,2024-06-26,5000,1500,0.3,0.0,0,15,0
1088128,Pigsy,zh,2024-05-31,1530468,318949,0.2084,0.0,0,96,0
1258476,The Pilot,en,2024-11-14,1,10,10.0,0.0,0,14,1
1004096,Son of a Rich 2,ru,2024-01-01,8300000,44459991,5.3566,6.4,58,119,1
1308221,Girlfriend Experience,nb,2024-01-01,40000,40,0.001,0.0,0,26,0
1519802,Elite Hunks,pt,2024-09-27,100,600,6.0,0.0,0,17,1
1481952,What's A Musical?,en,2024-12-20,25,1,0.04,0.0,0,9,0
1471153,Oru Kalaiyin Por,en,2024-08-01,11,30,2.7273,9.0,1,5,1
1465828,Zero,en,2024-08-26,100,1500,15.0,0.0,0,2,1
1436961,Accursed Effigy,en,2024-07-12,7000,150,0.0214,0.0,0,8,0
1436348,Ghost of Prague,hr,2024-12-28,100,10,0.1,0.0,0,7,0
1436141,The Strange Case of Steven Mellbrook,en,2024-11-10,12,25,2.0833,10.0,1,7,1
1427948,Entre Líneas,es,2024-12-22,300,600,2.0,0.0,0,0,1
1427243,Balada Anak Desa,id,2024-08-01,611,200,0.3273,8.0,1,0,0
1420387,Petrifier 2,en,2024-11-10,10,5,0.5,0.0,0,7,0
1394970,Fighting the Metal,es,2024-12-02,3000,500,0.1667,0.0,0,25,0
1392180,The Human Cat,en,2024-10-31,97,408,4.2062,0.0,0,4,1
1390779,Ecrire l'histoire,fr,2024-11-20,20,2,0.1,0.0,0,0,0
1561516,The Flower,en,2024-08-16,30,5,0.1667,0.0,0,4,0
1537708,Llegar a viejo,es,2024-12-04,50,10,0.2,0.0,0,0,0
1527152,The Loneliest Boy On Earth,en,2024-07-21,10000,2,0.0002,0.0,0,158,0
1523283,the Unemployment,de,2024-03-29,200,2000,10.0,0.0,0,14,1
1518779,The thirst for a goal,hi,2024-02-23,10000,500,0.05,0.0,0,74,0
1507529,A trip to belize,en,2024-03-23,15,50,3.3333,0.0,0,17,1
1505435,Butter,lv,2024-10-06,500000,340000,0.68,0.0,0,0,0
840111,Scarlet,fr,2023-01-11,6750000,279383,0.0414,6.753,77,105,0
994143,Skinamarink,en,2023-01-13,15000,2131183,142.0789,5.416,332,100,1
976293,Lie with Me,fr,2023-02-22,2100000,636052,0.3029,7.298,124,98,0
936363,The Happiest Man in the World,bs,2023-02-22,1896010,76217,0.0402,6.8,19,95,0
859981,Autobiography,id,2023-01-19,362932,86564,0.2385,7.5,25,115,0
540549,Monica,en,2023-03-06,1700000,182000,0.1071,5.535,43,113,0
869612,Master Gardener,en,2023-05-19,4100000,1506008,0.3673,6.02,307,111,0
1008392,The Blackening,en,2023-06-15,5000000,16000000,3.2,5.966,366,97,1
812635,Chevalier,en,2023-04-20,35000000,4200000,0.12,6.346,117,104,0
844417,Marlowe,en,2023-02-15,20000000,6262663,0.3131,5.72,414,109,0
1032666,Bunker,en,2023-09-14,2500000,101045,0.0404,6.7,46,109,0
726274,Irati,eu,2023-02-24,4300000,1036926,0.2411,6.525,99,112,0
1008042,Talk to Me,en,2023-07-26,4500000,91959188,20.4354,7.145,3462,95,1
1036312,21 Positions,es,2023-11-21,186413,2168,0.0116,6.714,7,97,0
983883,Marry My Dead Body,zh,2023-02-10,1874400,15410325,8.2215,6.989,174,129,1
945703,Post Truth,zh,2023-03-10,14506629,102500000,7.0657,7.026,39,112,1
1108211,Lost in the Stars,zh,2023-06-22,9500000,334039200,35.162,6.543,93,122,1
1152567,"Caramba, Cacilda!",pt,2023-02-25,600,150,0.25,10.0,1,0,0
1425681,Lyna Live From Buenos Aires: Gran Rex,en,2023-01-01,1000000,400000000,400.0,0.0,0,90,1
1426301,Resonance Genesis Not Allowed,en,2023-10-03,10000,72000,7.2,0.0,0,62,1
1373716,It's Quiet Out Here,en,2023-10-13,200,450,2.25,0.0,0,13,1
1219295,Dara Saga 3: The Movie,en,2023-12-15,1,2,2.0,5.5,2,48,1
1216917,Kalakaar,en,2023-08-15,10,100,10.0,8.0,1,30,1
1201582,TITAN-NIC: A Última Visita,pt,2023-09-29,400,10500,26.25,0.0,0,0,1
1531522,Réminiscences,fr,2023-04-15,20,1,0.05,0.0,0,0,0
1519378,Civa,tr,2023-01-08,20,200,10.0,0.0,0,0,1
1511992,Losinj,sl,2023-05-18,3000,25000,8.3333,0.0,0,10,1
1501829,Crime Dairies s1,en,2023-10-20,500,1000,2.0,0.0,0,11,1
1498096,Amnesia,es,2023-02-28,7,5,0.7143,0.0,0,0,0
1487796,What the Forest conceals,fr,2023-03-01,100000,300000,3.0,0.0,0,54,1
1484786,A Feast at the Palace,en,2023-09-19,400,150,0.375,0.0,0,5,0
1484241,Shantala,en,2023-12-15,351121,19837,0.0565,0.0,0,105,0
1484206,Benny Valentine,en,2023-12-07,2000,50000,25.0,0.0,0,4,1
1472985,The Load,en,2023-10-19,9000,1,0.0001,0.0,0,45,0
1451067,The Petrov's Defense,en,2023-03-19,4,1,0.25,0.0,0,12,0
1523566,Julien: Myth or Reality,de,2022-01-25,100,20,0.2,0.0,0,23,0
1519351,Fırtına Öncesi Sessizlik,tr,2022-05-20,10,20,2.0,0.0,0,0,1
1507964,A Terapia,pt,2022-12-24,240,55,0.2292,0.0,0,0,0
1494978,Super Vixens 4,en,2022-01-18,100000,15000000,150.0,0.0,0,65,1
1492382,Trash Double,en,2022-03-31,10,2000,200.0,0.0,0,4,1
1489477,Mamá quiero ser futbolista profesional,es,2022-06-24,15000,3000,0.2,0.0,0,0,0
1473237,Equipo Batman,es,2022-07-19,10,100,10.0,0.0,0,0,1
1472791,The Ops,en,2022-08-13,2000,6,0.003,0.0,0,50,0
1461981,Did Dood vs. James US,en,2022-01-21,176,30,0.1705,0.0,0,14,0
1432672,Why? Endhuku?,en,2022-11-20,1000,300,0.3,0.0,0,113,0
1425645,DISTINA PERO IGUAL,en,2022-06-17,3000000,20000000,6.6667,0.0,0,11,1
1424861,Xatho fais (un peu) son show,fr,2022-08-18,40000000,15,0.0,0.0,0,0,0
1412976,Fruna,en,2022-05-01,190,5000,26.3158,0.0,0,9,1
1405689,Number,id,2022-06-13,85,253,2.9765,0.0,0,10,1
1391081,In A Dissent Manner,hi,2022-09-01,6000,12000,2.0,0.0,0,62,1
774012,YLLI,es,2022-12-02,126,100,0.7937,0.0,0,6,0
811211,The Young Lovers,fr,2022-02-02,5800000,2440653,0.4208,6.528,89,112,0
833417,Full Time,fr,2022-03-16,3000000,42566,0.0142,7.035,300,88,0
661791,The Grandmother,es,2022-01-28,3749231,1817696,0.4848,5.89,467,101,0
756999,The Black Phone,en,2022-06-16,16000000,161441914,10.0901,7.552,5376,103,1
1000115,Across the Rails,be,2022-01-12,3000,1000,0.3333,0.0,0,40,0
1093778,Making Space,en,2022-10-16,200,100,0.5,0.0,0,4,0
839738,"Me, Myself & I: Lost in Time",it,2022-01-01,4455979,3839773,0.8617,7.7,48,60,0
923456,O Ingresso,pt,2022-01-04,10,20,2.0,9.0,3,4,1
522016,The 355,en,2022-01-05,75000000,55700000,0.7427,6.047,1073,122,0
1014193,Cassandra,en,2022-01-06,10,200,20.0,0.0,0,7,1
575322,Project Gemini,en,2022-01-06,6000000,211674,0.0353,5.8,471,98,0
1354386,Callback,en,2022-09-10,3000,500,0.1667,10.0,1,30,0
1276622,Rashford Biggins: A True Football Story,en,2022-11-17,1,2,2.0,0.0,0,12,1
1272407,Killer sprite mega movie.,en,2022-08-11,40,10,0.25,0.0,0,100,0
1230302,Madhan Ramu,te,2022-10-21,21720150,127068796,5.8503,9.0,1,192,1
1182254,Berenice (Three Videoletters),en,2022-04-14,150,400,2.6667,0.0,0,21,1
1039750,The Bogus Beast Project,en,2022-10-26,5,1,0.2,10.0,1,11,0
638965,Mandibles,fr,2021-05-19,4900000,2044087,0.4172,6.301,584,77,0
603206,Dream Horse,en,2021-05-21,20000000,6435260,0.3218,6.992,130,113,0
539565,Zola,en,2021-06-30,5000000,3500000,0.7,6.197,251,86,0
615643,Minari,en,2021-02-12,2000000,12900000,6.45,7.336,1745,115,1
607430,Nine Days,en,2021-07-15,10000000,969204,0.0969,6.804,265,124,0
520763,A Quiet Place Part II,en,2021-05-21,55000000,297372261,5.4068,7.453,7021,96,1
793285,God's Not Dead: We The People,en,2021-10-04,5000000,1200000,0.24,6.6,134,91,0
728118,"Quo Vadis, Aida?",sr,2021-02-26,4750000,813253,0.1712,7.641,446,104,0
557950,Mainstream,en,2021-05-07,5000000,49638,0.0099,6.34,359,95,0
629017,Run Hide Fight,en,2021-06-17,2000000,34561,0.0173,6.598,327,109,0
581734,Nomadland,en,2021-01-29,5000000,39458207,7.8916,7.186,3175,108,1
712121,Sweat,pl,2021-03-12,1619835,11546,0.0071,6.265,102,107,0
498402,Aline,fr,2021-11-10,25900000,11131254,0.4298,6.638,380,125,0
754067,Vicky and Her Mystery,fr,2021-12-15,6500000,4181043,0.6432,7.1,508,84,0
873420,Untitled Heist Film,de,2021-09-11,40,100,2.5,10.0,2,5,1
747983,It's a Summer Film!,ja,2021-08-06,98,149755,1528.1122,7.425,54,98,1
1379483,The Mystery Mountain Project,en,2021-01-01,20,6,0.3,0.0,0,75,0
1165947,¿Dónde estoy?,en,2021-06-08,5,4,0.8,0.0,0,3,0
1086241,Close Up of Solitude,de,2021-05-05,500,1000,2.0,0.0,0,13,1
951423,The 4.5 'Flim On Film' Podcast,en,2021-03-09,20,1,0.05,0.0,0,51,0
1523691,Adolescent Psycho,de,2021-09-25,20,50,2.5,0.0,0,45,1
1490808,Quarantine in the Empire - Isolation of the Famous,en,2021-05-21,100,30000,300.0,0.0,0,4,1
1490738,Seahorse comes on horseback,en,2021-02-28,100,4000,40.0,0.0,0,32,1
1405710,Gaptek,id,2021-05-21,12,180,15.0,0.0,0,0,1
1402783,¡Alacrán!,en,2021-02-05,200,1000,5.0,0.0,0,6,1
1323630,Zoomed,en,2021-10-15,1000,3000,3.0,0.0,0,75,1
1394508,Elegia Alérgica,pt,2020-04-15,65,4,0.0615,0.0,0,0,0
1368631,man with sexual powers,sw,2020-06-10,550,4500,8.1818,0.0,0,56,1
1242478,Ocha,ml,2020-10-23,12,10,0.8333,0.0,0,20,0
1238559,Golden Pen,en,2020-04-25,120,602,5.0167,0.0,0,71,1
1221976,Devil's Forest,en,2020-10-31,100,1000,10.0,8.0,1,12,1
1185855,The Creature of Memorial Park,en,2020-05-17,100,100000,1000.0,0.0,0,18,1
1046022,Рвота,ru,2020-04-28,40,5,0.125,10.0,1,0,0
1034217,Akoshat,en,2020-09-29,150,1000,6.6667,0.0,0,5,1
1032851,Troleriya Virus,en,2020-02-23,400,845,2.1125,0.0,0,90,1
1029460,The Western,nl,2020-02-21,55,69000000,1254545.4545,10.0,1,10,1
1027440,The Hood Samaritan,en,2020-11-22,40,98,2.45,0.0,0,5,1
840957,La Antipelícula de Wazz Moure,es,2020-12-31,300,849,2.83,7.5,2,0,1
794229,Gün Tortusu,tr,2020-06-05,88,8,0.0909,0.0,0,0,0
776500,Estancia,en,2020-12-14,350,5,0.0143,0.0,0,5,0
1537866,다만 악에서 구하소서 파이널컷,ko,2020-10-28,11000000,34000000,3.0909,0.0,0,0,1
1494943,Super Vixens,en,2020-06-16,100000,17000000,170.0,0.0,0,90,1
1467302,"""Midnight Stories 4"" - Veronica's Curse",en,2020-08-29,20,3000,150.0,0.0,0,34,1
1467296,"""Midnight Stories 2"" - The Martian",en,2020-08-15,25,4500,180.0,0.0,0,0,1
1467288,"""Midnight stories 1"" - The deadly Pizza",en,2020-08-08,5,1000,200.0,0.0,0,34,1
1467276,"""Midnight Stories 3"" - The Birthday Party",en,2020-08-22,2,1500,750.0,0.0,0,44,1
1394501,5.10.20,pt,2020-10-05,800,1,0.0013,0.0,0,0,0
1375062,Back to the past,en,2020-11-28,1000,2000,2.0,0.0,0,30,1
1317372,Above the Knee,ar,2020-01-28,1,2,2.0,0.0,0,8,1
1299130,Sadi Carnot,fa,2020-02-04,1000,500,0.5,0.0,0,20,0
1290084,MAGDALENA,es,2020-07-20,30,10,0.3333,0.0,0,0,0
1288238,Adults Only! - Cam Girl Millionaires,en,2020-05-06,20000,900000,45.0,0.0,0,44,1
662716,"Infernal Guidon, or Cossack Christmas",uk,2020-12-24,1340000,342857,0.2559,4.9,9,102,0
558582,First Cow,en,2020-03-06,2000000,101068,0.0505,7.06,501,122,0
451184,Wasp Network,en,2020-01-29,10530000,1400000,0.133,6.033,391,128,0
548473,Color Out of Space,en,2020-01-24,6000000,1023510,0.1706,6.052,1588,110,0
457335,Guns Akimbo,en,2020-02-27,15000000,835102,0.0557,6.432,2443,98,0
606149,Captain Sabertooth and the Magical Diamond,no,2020-02-13,4500000,3404229,0.7565,7.1,46,81,0
442065,The Last Full Measure,en,2020-01-23,20000000,3364426,0.1682,7.315,470,110,0
531876,The Outpost,en,2020-06-24,18000000,2133452,0.1185,6.899,1111,123,0
430155,Coma,ru,2020-01-01,2250000,9500000,4.2222,6.418,590,110,1
522627,The Gentlemen,en,2020-01-01,22000000,115171795,5.2351,7.668,6253,113,1
514207,Invasion,ru,2020-02-27,8819200,32104054,3.6402,6.863,837,129,1
1199157,He Died,en,2020-01-01,10,1500,150.0,0.0,0,2,1
1425663,Lyna a Través de sus Mundos,en,2019-02-16,100,5000,50.0,0.0,0,151,1
1413207,Beatrice,it,2019-10-15,24,21,0.875,0.0,0,0,0
1332955,明明就是喜欢我,zh,2019-01-20,2000000,40000000,20.0,0.0,0,0,1
1298127,Takashi (Documentary Video Tour),es,2019-09-06,10,40,4.0,0.0,0,8,1
509733,Spy Cat,de,2019-04-11,9000000,3882729,0.4314,6.7,80,84,0
531588,Piano to Zanskar,en,2019-05-12,150000,445,0.003,7.2,4,86,0
543915,The Boat,en,2019-02-22,5000000,98559,0.0197,5.46,137,89,0
438674,Dragged Across Concrete,en,2019-02-21,15000000,660132,0.044,6.586,1053,159,0
416144,Hotel Mumbai,en,2019-03-14,25000000,16900000,0.676,7.544,1648,123,0
539892,Freaks,en,2019-09-12,2000,368410,184.205,6.745,1217,105,1
291984,The Death & Life of John F. Donovan,en,2019-03-13,35000000,3326364,0.095,6.878,707,123,0
535845,Brian Banks,en,2019-08-09,10000000,4300000,0.43,7.2,257,99,0
560739,Sasha Was Here,lt,2019-11-22,226885,131500,0.5796,6.0,8,95,0
573438,Strike,en,2019-02-06,16800000,24743,0.0015,5.9,21,95,0
1276074,Civil War: Titunga (Wolf) vs DS | Keizen (Snake) - Pool 2 WR3,es,2019-07-13,1000,2000,2.0,10.0,1,0,1
1159786,Steady On,en,2019-10-26,100000000,50000,0.0005,0.0,0,2,0
935991,Sedutores da Internet,pt,2019-10-13,3,7081810,2360603.3333,0.0,0,0,1
862198,Pickle Richard,en,2019-10-16,1000,10,0.01,0.0,0,10,0
1466947,The story of Iran,fa,2018-03-07,100,5000,50.0,0.0,0,45,1
1465968,Overdose,hi,2018-09-20,120,15,0.125,0.0,0,1,0
1415752,Hævn 3,en,2018-10-31,3433250,15576565,4.537,0.0,0,300,1
1374476,Rosário do Catete - Memórias e Engenhos.,pt,2018-11-18,50,10,0.2,0.0,0,0,0
1301783,Entropy,en,2018-02-08,200,100,0.5,0.0,0,3,0
1290076,"Mérida, Tiempo y Naufragio.",es,2018-02-15,50,10,0.2,0.0,0,0,0
949515,Dirty Coasters Top 100 Coasters in the world REACTION,en,2018-08-18,400,2,0.005,0.0,0,14,0
925399,Station Road - Graffiti da Pontassieve,it,2018-01-23,1000,12000,12.0,0.0,0,0,1
681670,Bruck Lee vs. the Diamond Dogs,en,2018-03-26,5,100,20.0,0.0,0,7,1
608443,Ne Var?,en,2018-03-16,125,40,0.32,0.0,0,105,0
601683,Ardin and Barray: A Found Footage Story,en,2018-05-12,15,30,2.0,10.0,1,5,1
407890,Lean on Pete,en,2018-04-06,8000000,2400000,0.3,6.946,353,121,0
431491,Bodied,en,2018-11-02,15000000,113956,0.0076,7.256,121,120,0
391714,On Chesil Beach,en,2018-01-19,745971,3335913,4.4719,6.142,378,110,1
418879,The Current War,en,2018-02-01,30000000,12217160,0.4072,6.697,1112,108,0
467938,Revenge,fr,2018-02-07,2900000,938055,0.3235,6.5,1984,109,0
432301,Chappaquiddick,en,2018-04-06,34000000,17904202,0.5266,6.092,272,107,0
340613,The Wife,en,2018-08-02,7000000,20000000,2.8571,7.062,1095,100,1
472553,Zoo,en,2018-06-08,4000000,231719,0.0579,6.7,104,96,0
450766,The Forgiven,en,2018-03-09,15000000,42213,0.0028,6.1,94,115,0
434358,Belle and Sebastian 3: The Last Chapter,fr,2018-02-07,13500000,33895230,2.5108,6.6,185,97,1
508466,Sad Hill Unearthed,es,2018-10-19,170000,22834,0.1343,6.9,111,83,0
508515,The Next Guardian,dz,2018-08-23,146000,120000,0.8219,7.7,6,75,0
414001,The Mercy,en,2018-02-09,18000000,4536348,0.252,5.935,292,102,0
812867,THE DOT,bn,2017-08-29,1000,900,0.9,10.0,1,31,0
646372,Aonar,en,2017-02-03,2500,5000,2.0,0.0,0,0,1
491921,Grossery Gang Putrid Power Movie,en,2017-07-29,10000,200000,20.0,0.0,0,34,1
1319373,Eviction,en,2017-06-30,20,60,3.0,10.0,0,10,1
1325448,hævn 2,da,2017-10-26,11696480,58336194,4.9875,0.0,0,0,1
333384,Lowriders,en,2017-04-28,916000,6312033,6.8909,6.727,119,99,1
316154,The Bad Batch,en,2017-06-23,6000000,180851,0.0301,5.251,1124,119,0
334521,Free Fire,en,2017-03-31,7000000,3719383,0.5313,6.262,1179,90,0
301355,Message from the King,en,2017-05-10,10000000,315132,0.0315,6.258,469,102,0
339967,Colossal,en,2017-04-06,15000000,3029287,0.202,6.28,2184,109,0
411019,I Am Not Your Negro,en,2017-02-03,1000000,7123919,7.1239,7.7,495,93,1
340101,Their Finest,en,2017-02-19,11795877,3603484,0.3055,6.613,428,117,0
408266,Birth of the Dragon,en,2017-08-25,31000000,7220490,0.2329,5.788,321,103,0
345923,All I See Is You,en,2017-08-10,30000000,646946,0.0216,5.218,598,110,0
411088,The Invisible Guest,es,2017-01-06,4000000,30000000,7.5,8.083,4778,107,1
381288,Split,en,2017-01-19,9000000,278454358,30.9394,7.342,17911,117,1
440777,Female Fight Squad,en,2017-03-16,2000000,22253,0.0111,6.151,96,90,0
314095,The Lost City of Z,en,2017-03-15,30000000,8574339,0.2858,6.395,2997,141,0
814377,My Mother Is a Parrot,es,2017-10-12,1000000,1661,0.0017,5.5,4,81,0
340837,A Cure for Wellness,en,2017-02-15,40000000,26620002,0.6655,6.34,4029,146,0
994849,Attaly Battaly,ar,2017-01-01,4000000,55000000,13.75,6.0,1,188,1
362178,Kaili Blues,zh,2016-03-23,150000,646,0.0043,7.0,135,113,0
303991,Demolition,en,2016-04-06,10000000,4366460,0.4366,6.832,2369,101,0
297806,I Saw the Light,en,2016-02-05,13000000,1646788,0.1267,6.24,210,123,0
372226,Visaranai,ta,2016-02-04,325000,1600000,4.9231,8.0,78,118,1
300667,3 Generations,en,2016-10-27,10000000,680351,0.068,6.362,436,87,0
413052,Hacker,en,2016-09-15,2000000,11239,0.0056,6.295,314,95,0
333385,Mr. Right,en,2016-02-29,8000000,34694,0.0043,6.455,1393,95,0
381214,Bunker of the Dead,de,2016-02-18,30000,10147,0.3382,4.8,35,76,0
362139,The Miracle of Tekir,ro,2016-01-01,1800000,2968,0.0016,7.0,6,90,0
361159,Navy Seals vs. Zombies,en,2016-03-18,1181389,56191,0.0476,5.179,182,97,0
364433,They Call Me Jeeg,it,2016-02-25,1900000,5713331,3.007,7.411,2545,112,1
289143,Dofus - Book I: Julith,fr,2016-02-03,8027100,624747,0.0778,7.46,100,108,0
332718,Bilal: A New Breed of Hero,en,2016-09-08,30000000,1750000,0.0583,6.814,156,105,0
319888,Eddie the Eagle,en,2016-02-25,23000000,46152411,2.0066,7.164,2196,106,1
1430789,FNAFHS,en,2016-04-16,50000,500000,10.0,0.0,0,404,1
1351710,MASSIVE: The amazing rise and fall,en,2016-03-06,16381,12000,0.7326,0.0,0,71,0
896087,The Captain's Daughter,en,2016-10-15,100,500,5.0,0.0,0,9,1
436105,J de Justiça III,pt,2016-08-10,5,10,2.0,0.0,0,0,1
436101,J de Justiça II,pt,2016-06-10,10,5,0.5,0.0,0,0,0
421798,Morning Transitions,en,2016-10-16,1,2,2.0,0.0,0,4,1
402964,El Chiguito,es,2016-06-24,50,1000,20.0,0.0,0,0,1
254905,Manglehorn,en,2015-06-03,4000000,143101,0.0358,5.432,214,97,0
230179,Big Game,en,2015-03-19,8500000,7500000,0.8824,5.489,1189,90,0
271714,Love & Mercy,en,2015-05-29,10000000,28600000,2.86,7.086,718,120,1
245698,Pawn Sacrifice,en,2015-09-16,19000000,5600000,0.2947,6.742,1011,115,0
271674,Suite Française,en,2015-03-12,15000000,9104716,0.607,7.25,1127,103,0
820487,A Roar in the Dark,en,2015-06-26,8,25,3.125,0.0,0,11,1
318541,Casa Amor: Exclusive for Ladies,ko,2015-01-07,28600000,998000,0.0349,5.775,20,112,0
207703,Kingsman: The Secret Service,en,2015-01-24,81000000,414351546,5.1155,7.622,17338,129,1
264660,Ex Machina,en,2015-01-21,15000000,36869414,2.458,7.571,13780,108,1
1273510,The Love Project,en,2015-01-01,400,100,0.25,0.0,0,8,0
482770,Night Shift,fa,2015-01-01,15000,50000,3.3333,5.2,5,90,1
1117251,THE 10TH KKBOX MUSIC AWARDS,zh,2015-02-08,20000,2000,0.1,0.0,0,0,0
558609,Hostility,en,2015-12-02,10,100,10.0,7.0,1,1,1
517754,Four Twenty,en,2015-10-05,50,100,2.0,0.0,0,10,1
315213,M 22.079,en,2015-02-01,50,400,8.0,0.0,1,3,1
1424952,School of Rock: The Musical,en,2015-12-09,15,80,5.3333,0.0,0,135,1
1417103,El último aliento,es,2015-05-28,50000,100000,2.0,0.0,0,0,1
1322701,The Stormy Night,zh,2015-11-06,1000000,2000000,2.0,0.0,0,0,1
1271337,EDDY,it,2015-09-23,50000,1000000,20.0,0.0,0,0,1
1222086,Youtuba Basliyoruz,tr,2015-02-20,60000,50000,0.8333,0.0,0,0,0
1080053,"Lapis, Ballpen at Diploma",en,2014-02-25,3000000,100000,0.0333,0.0,0,76,0
441736,Untitled Document,en,2014-10-09,15,200,13.3333,3.0,1,5,1
483103,Kemis Yelebesku'let,en,2014-01-12,1000,3000,3.0,0.0,0,300,1
172792,Holy Ghost People,en,2014-05-13,2000000,120000,0.06,5.0,26,93,0
169817,Swim Little Fish Swim,fr,2014-01-22,70000,354877,5.0697,4.5,18,94,1
177047,Decoding Annie Parker,en,2014-05-02,2000000,60048,0.03,5.976,84,91,0
157847,Joe,en,2014-04-11,4000000,2431443,0.6079,6.51,975,118,0
188166,Blue Ruin,en,2014-04-25,420000,993313,2.365,6.789,1543,91,1
188765,My Sweet Pepper Land,ku,2014-03-20,2600000,324440,0.1248,7.1,93,86,0
59981,Legends of Oz: Dorothy's Return,en,2014-05-08,70000000,21755418,0.3108,6.3,368,88,0
199575,These Final Hours,en,2014-07-31,2500000,360000,0.144,6.467,587,87,0
97370,Under the Skin,en,2014-03-14,13300000,7229933,0.5436,6.14,3636,108,0
247645,Queen,hi,2014-03-07,1900000,17000000,8.9474,7.304,289,146,1
210479,Locke,en,2014-04-10,2000000,4635300,2.3176,6.899,2803,85,1
198277,Begin Again,en,2014-06-27,8000000,63500000,7.9375,7.232,3887,104,1
209185,The Grand Seduction,en,2014-05-30,12700000,3430018,0.2701,6.652,336,112,0
210947,Afflicted,en,2014-04-04,318000,121179,0.3811,6.416,591,85,0
192145,Third Person,en,2014-06-20,28000000,1749201,0.0625,5.884,623,137,0
110402,Hard to Be a God,ru,2014-02-27,7000000,1310673,0.1872,6.549,152,177,0
204436,Jack and the Cuckoo-Clock Heart,fr,2014-02-05,33746302,3484370,0.1033,7.212,739,94,0
241882,Ankhon Dekhi,hi,2014-03-21,800000,187000,0.2338,7.0,59,104,0
1527077,Dorothy,en,2014-11-30,2000,250,0.125,0.0,0,15,0
1504604,I Want Candy The Movie: Sweet Princess,en,2014-07-18,1991,100,0.0502,0.0,0,95,0
1317362,My Name: A Female,ar,2014-06-11,5,2,0.4,0.0,0,10,0
934212,Ingenting,sv,2013-06-18,1000,30,0.03,0.0,0,0,0
123907,Demonic Possession,en,2013-01-05,12,30,2.5,0.0,0,95,1
1527063,Womb,en,2013-09-30,1000,500,0.5,0.0,0,9,0
1490697,Pressa de te amar,en,2013-11-30,5000,50000,10.0,0.0,0,3,1
83899,You're Next,en,2013-08-22,1000000,14347000,14.347,6.605,2588,94,1
75761,John Dies at the End,en,2013-01-25,1000000,142000,0.142,6.287,685,99,0
103731,Mud,en,2013-04-26,10000000,32613173,3.2613,7.061,2940,130,1
121677,The Reluctant Fundamentalist,en,2013-04-24,15000000,2200000,0.1467,6.568,222,130,0
127517,Disconnect,en,2013-04-12,10000000,3428048,0.3428,7.055,1167,116,0
122081,Spring Breakers,en,2013-03-06,5000000,32016127,6.4032,5.249,3940,94,1
128206,Shahid,hi,2013-10-18,970000,6100000,6.2887,7.2,69,129,1
127373,What Maisie Knew,en,2013-05-02,6000000,2711379,0.4519,7.098,433,99,0
109099,Passion,en,2013-02-13,20000000,713616,0.0357,5.223,432,101,0
97367,The Place Beyond the Pines,en,2013-03-20,15000000,47135966,3.1424,6.979,5011,140,1
123109,No One Lives,en,2013-03-09,2900000,74918,0.0258,5.991,655,86,0
102780,Byzantium,en,2013-04-11,10000000,89237,0.0089,6.284,905,118,0
104755,The Lords of Salem,en,2013-04-18,1500000,1165882,0.7773,5.448,892,101,0
133441,The Summit,en,2013-10-04,1000000,243550,0.2435,6.8,99,95,0
124461,A Glimpse Inside the Mind of Charles Swan III,en,2013-02-08,12000000,210565,0.0175,4.054,102,86,0
1240274,Less Than Nothing,en,2012-01-01,200,1000,5.0,0.0,0,38,1
1161353,Aquajots,pt,2012-08-16,100000000,1,0.0,0.0,0,0,0
267385,A Catedral: Uma história de amor a Grajaú,pt,2012-12-22,1000,2000,2.0,0.0,0,0,1
1413858,O Armário,pt,2012-05-03,10,98000,9800.0,0.0,0,0,1
1493909,"Ogrest, la Légende",fr,2012-04-30,200000,3000000,15.0,0.0,0,0,1
1489033,Zama Zama,en,2012-08-24,542000,4912,0.0091,0.0,0,104,0
1486933,How to Irritate Hardcore Dandies,pt,2012-01-05,50,2000,40.0,0.0,0,0,1
1481668,Que Detectives,es,2012-11-23,17642,39204,2.2222,0.0,0,90,1
1480130,A Straight Guy Pissing All Over A Toilet Seat,en,2012-03-20,1,5,5.0,0.0,0,1,1
1248593,February 19th,hy,2012-06-08,2000,10000,5.0,0.0,0,0,1
112318,Fatso!,hi,2012-05-04,1685336,41197,0.0244,5.3,6,97,0
797759,Chapiteau Show: Respect and Cooperation - Part 2,ru,2012-01-26,1000000,196908,0.1969,6.455,11,111,0
88491,Chapiteau Show: Love and Friendship - Part 1,ru,2012-01-26,1000000,196908,0.1969,6.179,39,107,0
38541,The Divide,en,2012-01-13,3000000,156362,0.0521,5.897,697,112,0
94329,The Raid,id,2012-03-22,1100000,9148519,8.3168,7.4,3666,101,1
73567,Killer Joe,en,2012-06-07,10000000,4633668,0.4634,6.525,1504,102,0
81025,Salmon Fishing in the Yemen,en,2012-03-09,14400000,34564651,2.4003,6.42,916,107,1
74387,Goon,en,2012-01-06,12000000,6985158,0.5821,6.401,976,92,0
96648,Asylum Blackout,en,2012-05-04,500000,98201,0.1964,5.664,134,85,0
82532,"Jeff, Who Lives at Home",en,2012-03-16,10000000,4400000,0.44,6.229,665,83,0
78461,Beneath the Darkness,en,2012-01-06,7300000,23998,0.0033,4.7,151,96,0
93676,Someday This Pain Will Be Useful to You,en,2012-02-24,8000000,532777,0.0666,5.561,122,99,0
74534,The Best Exotic Marigold Hotel,en,2012-02-23,10000000,150501815,15.0502,6.954,1401,124,1
94904,7 Days in Havana,es,2012-04-05,3800000,197911,0.0521,5.65,110,129,0
75174,The Grey,en,2012-01-26,25000000,79781695,3.1913,6.57,3972,117,1
22970,The Cabin in the Woods,en,2012-04-12,30000000,71038838,2.368,6.64,8236,95,1
48620,The Mighty Macs,en,2011-10-21,7000000,1891936,0.2703,5.2,42,102,0
72913,Amigo,en,2011-08-19,1200000,183597,0.153,4.833,18,128,0
72057,Sorelle Mai,it,2011-03-16,200000,442481,2.2124,6.0,13,105,1
121535,And Peace on Earth,it,2011-05-27,100000,34007,0.3401,7.3,6,89,0
91073,Late Autumn,ko,2011-02-17,6200000,4820000,0.7774,6.824,68,113,0
60309,The Conspirator,en,2011-04-15,25000000,15478800,0.6192,6.551,469,122,0
45658,Everything Must Go,en,2011-05-13,5000000,2614773,0.523,6.169,633,97,0
38753,Passion Play,en,2011-01-10,8000000,25603,0.0032,4.8,116,94,0
55347,Beginners,en,2011-06-03,3200000,14311701,4.4724,6.839,1094,105,1
49018,Insidious,en,2011-03-31,1500000,100106454,66.7376,6.94,7092,102,1
1389433,Good Vibes,fr,2011-01-13,3000,600,0.2,9.0,1,7,0
54897,The Grace Card,en,2011-02-25,200000,2295733,11.4787,7.3,50,101,1
213444,Tomorrow Will Be Better,pl,2011-11-11,743416,15031,0.0202,6.333,9,118,0
1240283,can,en,2011-01-01,10,100,10.0,0.0,0,11,1
558596,The Gatling Gun: Changing the World One Bullet at a Time,en,2011-01-01,10,100,10.0,0.0,0,10,1
704585,Challenges,en,2011-07-07,150000,500000,3.3333,5.0,1,131,1
1492365,The Life and Death of Reincarnation by Gurcius Gewdner,en,2011-12-24,50,50000,1000.0,0.0,0,23,1
1408097,No Limite da Memória,pt,2011-05-11,2500,5000,2.0,0.0,0,0,1
1192560,RICOMINCIA LA SCUOLA - Alunni vs Insegnanti,it,2011-09-13,100,9,0.09,0.0,0,0,0
891074,O dia do desassossego,pt,2010-07-01,500,20,0.04,0.0,0,0,0
450775,The Everyday Guide to Wine,en,2010-04-05,100,1,0.01,10.0,1,24,0
291529,Can You Imagine,en,2010-09-01,10,60,6.0,0.0,0,60,1
1429967,Desi Spiderman,en,2010-02-02,10,100000,10000.0,0.0,0,67,1
1324155,The Exam,en,2010-01-08,600000,394717,0.6579,10.0,1,101,0
120512,The Childhood of Icarus,fr,2010-12-16,1500000,1493,0.001,5.5,2,96,0
26390,Brooklyn's Finest,en,2010-03-04,17000000,45700000,2.6882,6.3,939,132,1
46504,Guy and Madeline on a Park Bench,en,2010-03-28,60000,35556,0.5926,5.5,58,83,0
32511,"Police, Adjective",ro,2010-01-14,1089360,48298,0.0443,6.4,56,115,0
34647,Enter the Void,en,2010-05-05,13000000,754249,0.058,7.297,1898,161,0
27023,Saint John of Las Vegas,en,2010-01-29,3800000,111731,0.0294,5.6,52,84,0
29159,Giallo,it,2010-03-13,14000000,50113,0.0036,4.168,170,92,0
36939,Boogie Woogie,en,2010-04-16,6000000,48411,0.0081,5.03,101,94,0
50598,Zonad,en,2010-03-17,3000000,2500000,0.8333,3.857,7,78,0
270650,Oy Vey! My Son Is Gay!,en,2010-06-18,2,6000007,3000003.5,4.9,30,90,1
42151,Down Terrace,en,2010-07-30,31192,10000,0.3206,6.2,80,93,0
39800,Life During Wartime,en,2010-04-16,4500000,744816,0.1655,5.901,141,97,0
41110,I Am Love,it,2010-03-19,3600000,12014663,3.3374,6.766,382,120,1
29426,Survival of the Dead,en,2010-05-06,4000000,386078,0.0965,4.885,488,90,0
19901,Daybreakers,en,2010-01-06,20000000,51417188,2.5709,6.3,2066,98,1
44718,Get Low,en,2010-07-30,700000,10522511,15.0322,6.703,320,103,1
46420,The Loved Ones,en,2010-08-04,4000000,358399,0.0896,6.697,797,84,0
41479,The Joneses,en,2010-04-16,10000000,7022728,0.7023,6.175,612,96,0
38448,Ondine,en,2010-03-05,12000000,1790061,0.1492,6.371,336,111,0
52505,The Other Woman,en,2010-10-28,30000000,1451343,0.0484,6.225,407,98,0
28510,Universal Soldier: Regeneration,en,2010-02-23,14000000,844447,0.0603,5.642,462,97,0
43615,"Lula, the Son of Brazil",pt,2010-01-01,9500000,3785593,0.3985,5.5,84,130,0
676945,La Despedida,es,2010-01-01,300000,118550,0.3952,5.0,2,90,0
1510133,Motoqueiro Solitário,pt,2010-12-10,1000,10000,10.0,0.0,0,0,1
1490360,Ten Years Without GG Allin,en,2010-08-29,10,100,10.0,0.0,0,8,1
1300437,Trap,en,2010-05-28,50,250,5.0,0.0,0,85,1
1274972,Decisão Real,pt,2010-08-01,100,10000,100.0,0.0,0,0,1
1255487,There Had Better Be Blood,en,2010-02-21,15000,500,0.0333,0.0,0,6,0
44254,The Minis,en,2009-04-06,1000000,65379,0.0654,2.2,14,76,0
22556,The Yellow Handkerchief,en,2009-11-19,15000000,317000,0.0211,6.26,154,102,0
8895,Adoration,en,2009-04-15,4700000,375555,0.0799,5.849,51,100,0
57507,Machan,si,2009-05-07,5000000,282884,0.0566,6.7,19,109,0
51384,"Lovely, Still",en,2009-10-03,5000000,282687,0.0565,6.6,39,92,0
23963,Pontypool,en,2009-03-06,1500000,32000,0.0213,6.447,673,97,0
18032,The Secret of Moonacre,en,2009-02-06,32000000,7162618,0.2238,6.6,473,103,0
18533,Bronson,en,2009-03-13,230000,2300000,10.0,6.97,2569,92,1
21861,LOL (Laughing Out Loud),fr,2009-02-04,10900000,31451622,2.8855,6.522,1325,103,1
1486960,Tatuada,pt,2009-07-30,50,9000,180.0,0.0,0,0,1
782408,Leon jumps in the Liffey for 50 euro,en,2009-07-05,50,50000,1000.0,10.0,1,5,1
397012,Say It With A Sign: Vol. 1,en,2008-05-10,100,1,0.01,0.0,0,30,0
717033,Por qué no me tocó ser Michael Keaton?,es,2008-03-28,1,500,500.0,10.0,1,15,1
1556665,Cortejo Negro,pt,2008-08-16,40,5,0.125,0.0,0,0,0
1556006,Chundu kurukkan,ml,2008-05-02,563,1126,2.0,0.0,0,38,1
1486874,Eu Sou um Pequeno Panda,pt,2008-09-12,50,500,10.0,0.0,0,0,1
1308084,Federico Faedo,it,2008-06-28,100,1000,10.0,0.0,0,0,1
1264628,Il nostro messia,it,2008-05-23,490000,11622,0.0237,0.0,0,94,0
2324,Local Color,en,2008-11-14,3250000,32788,0.0101,6.185,27,107,0
13362,Taxi to the Dark Side,en,2008-01-18,1000000,274661,0.2747,6.932,241,106,0
8669,Charlie Bartlett,en,2008-02-22,12000000,5254986,0.4379,6.669,667,97,0
16135,Mister Lonely,en,2008-02-02,9500000,407674,0.0429,6.5,132,112,0
12473,The Visitor,en,2008-02-21,4000000,18197518,4.5494,7.128,479,104,1
7280,The Last Lear,en,2008-09-12,1500000,202000,0.1347,8.0,3,113,0
8060,Married Life,en,2008-03-28,12000000,2888315,0.2407,5.761,165,90,0
8461,Funny Games,en,2008-03-14,15000000,7938872,0.5293,6.56,2156,111,0
16460,Garfield Gets Real,en,2008-03-24,10000000,1726453,0.1726,4.928,139,77,0
699460,Saviours,en,2007-07-07,110000,19580,0.178,0.0,0,80,0
1472280,Winter Dawn,pt,2007-04-22,2400,12500,5.2083,8.0,1,15,1
1447538,The Making of 'Jackass 2.5',en,2007-12-19,1,2,2.0,0.0,0,23,1
1079863,Maamu Tension Nai Leneka,hi,2007-10-12,1000000,3000000,3.0,0.0,0,105,1
46268,Constellation,en,2007-02-01,7200000,23006533,3.1954,4.8,6,96,1
13198,Wristcutters: A Love Story,en,2007-10-19,1000000,454026,0.454,7.0,588,88,0
46902,The Treatment,en,2007-05-04,900000,82701,0.0919,5.75,16,86,0
17320,The TV Set,en,2007-04-06,2000000,265198,0.1326,5.965,85,87,0
12526,Bug,en,2007-02-21,4000000,8095658,2.0239,6.11,584,98,1
4723,Southland Tales,en,2007-11-14,17000000,374743,0.022,5.217,577,145,0
13170,The Boys & Girls Guide to Getting Down,en,2007-03-23,2100000,14487294,6.8987,5.625,24,92,1
54952,Antônia,pt,2007-02-09,500000,3550,0.0071,5.4,14,90,0
9952,Rescue Dawn,en,2007-06-23,10000000,7177143,0.7177,6.951,1329,125,0
24200,Fay Grim,en,2007-05-18,2000000,193607,0.0968,5.525,81,118,0
1919,Away from Her,en,2007-05-04,3000000,9194283,3.0648,6.996,230,110,1
11798,This Is England,en,2007-04-27,2380000,8176544,3.4355,7.482,1335,101,1
13249,Seraphim Falls,en,2007-01-26,18000000,1220058,0.0678,6.416,600,115,0
74254,The House of Usher,en,2007-09-11,130000,1677,0.0129,4.458,24,80,0
5172,The Astronaut Farmer,en,2007-02-23,13000000,11130889,0.8562,6.234,353,104,0
19213,Pledge This!,en,2007-02-08,8300000,1751460,0.211,2.75,118,91,0
1271,300,en,2007-03-07,65000000,456082343,7.0167,7.189,14272,116,1
24365,The Final Inquiry,it,2007-04-04,7000000,249610,0.0357,4.638,42,112,0
5393,Happily N'Ever After,en,2007-01-05,47000000,38100000,0.8106,5.045,434,87,0
80919,Game 6,en,2006-03-10,1000000,129201,0.1292,4.465,43,87,0
9270,Brick,en,2006-03-31,475000,3900000,8.2105,6.821,1313,110,1
20521,Reefer Madness: The Movie Musical,en,2006-03-01,25000000,8972,0.0004,6.559,85,108,0
53905,Marilyn Hotchkiss' Ballroom Dancing & Charm School,en,2006-01-12,2500000,410602,0.1642,5.833,69,103,0
13141,Strangers with Candy,en,2006-06-28,3500000,2254124,0.644,5.57,93,86,0
123879,Say Uncle,en,2006-06-23,650000,5361,0.0082,5.222,18,91,0
44250,Cruel World,en,2006-10-27,2000000,16344,0.0082,4.173,26,88,0
15624,Conversations with Other Women,en,2006-06-07,450000,982814,2.184,6.287,171,84,1
14788,Bubble,en,2006-01-27,1600000,261966,0.1637,6.3,125,73,0
1544,Imagine Me & You,en,2006-01-27,1000000,2500000,2.5,7.567,1078,93,1
14256,Winter Passing,en,2006-02-07,3500000,113783,0.0325,6.06,124,98,0
18164,12 and Holding,en,2006-03-31,400000,314017,0.785,6.826,89,90,0
1690,Hostel,en,2006-01-06,4800000,81979826,17.0791,5.946,3796,94,1
752,V for Vendetta,en,2006-02-23,54000000,134686457,2.4942,7.899,15076,132,1
18070,Black Dawn,en,2006-02-13,8000000,63709,0.008,4.097,93,96,0
2269,Day Watch,ru,2006-01-01,4200000,42918532,10.2187,6.143,564,146,1
407882,"Cafe Au Lait - with lotsa sugar, baby!",ht,2006-01-01,1000000,100000,0.1,0.0,0,102,0
615061,The Trouble with Money,en,2006-06-01,42000,195385,4.652,5.0,1,38,1
207743,Wanderlei Silva fighting for PRIDE,en,2006-07-18,100,7000,70.0,0.0,0,59,1
1490245,The Pinman Movie,en,2005-10-11,880,120,0.1364,0.0,0,0,0
1212936,Jedi Night School,en,2005-08-17,10,20,2.0,0.0,0,16,1
327957,The Adventures of Marshall Art 3: The Two Marshalls,en,2005-08-30,1000,10000,10.0,0.0,0,15,1
724198,Delivery de la droga,es,2005-12-17,100,5000,50.0,0.0,0,0,1
1558331,Cuando Haces Pop,es,2005-05-01,1000,10000,10.0,0.0,0,0,1
1502774,Canoa Veloz,pt,2005-01-01,300,100,0.3333,0.0,0,0,0
1498440,Yesterday's Dreams,en,2005-06-10,1500000,500000,0.3333,0.0,0,95,0
1492334,New Year's Day,en,2005-01-03,100,10,0.1,0.0,0,28,0
1403708,Tomorrow,en,2005-01-05,40000,290,0.0073,0.0,0,101,0
1136005,Let Sleeping Guns Lie,en,2005-12-30,10,9,0.9,0.0,0,20,0
994836,gargean Family,ar,2005-07-25,3600000,7200000,2.0,0.0,0,324,1
38717,Madison,en,2005-04-22,13500000,517262,0.0383,5.7,33,99,0
24408,C.S.A.: The Confederate States of America,en,2005-06-24,2000000,744000,0.372,5.699,78,89,0
540,D.E.B.S.,en,2005-03-25,3500000,97446,0.0278,6.491,599,91,0
47488,Hellbent,en,2005-09-16,85,183066,2153.7176,5.358,53,85,1
