genre_primary,budget_band,decade,language_group,vote_average,franchise,actor_success_rate_train,director_success_rate_train,actor_appearances_log1p,director_appearances_log1p,year,success_label
Unknown,Low,2020s,English,0.0,0,0.4043887147335423,0.4043887147335423,5.768320995793772,5.768320995793772,2024,0
Unknown,Low,2020s,Non-English,3.0,0,0.4043887147335423,0.4043887147335423,5.768320995793772,5.768320995793772,2024,0
Unknown,Low,2020s,Non-English,0.0,0,0.4043887147335423,0.4043887147335423,5.768320995793772,5.768320995793772,2024,0
Unknown,Low,2020s,Non-English,0.0,0,0.4043887147335423,0.4043887147335423,5.768320995793772,5.768320995793772,2024,0
Unknown,Low,2020s,Non-English,0.0,0,0.4043887147335423,0.4043887147335423,5.768320995793772,5.768320995793772,2024,0
Unknown,Low,2020s,Non-English,0.0,0,0.4043887147335423,0.4043887147335423,5.768320995793772,5.768320995793772,2023,0
Unknown,Low,2020s,English,0.0,0,0.4043887147335423,0.4043887147335423,5.768320995793772,5.768320995793772,2022,1
Unknown,Low,2020s,Non-English,5.3,0,0.4043887147335423,0.4043887147335423,5.768320995793772,5.768320995793772,2022,0
Unknown,Low,2020s,English,5.646,0,0.4043887147335423,0.4043887147335423,5.768320995793772,5.768320995793772,2021,0
Unknown,Low,2020s,English,7.0,0,0.4043887147335423,0.4043887147335423,5.768320995793772,5.768320995793772,2021,0
Unknown,Low,2020s,English,0.0,0,0.4043887147335423,0.4043887147335423,5.768320995793772,5.768320995793772,2021,1
Unknown,Low,2020s,English,0.0,0,0.4043887147335423,0.4043887147335423,5.768320995793772,5.768320995793772,2021,1
Unknown,Low,2020s,English,0.0,0,0.4043887147335423,0.4043887147335423,5.768320995793772,5.768320995793772,2021,1
Unknown,Low,2020s,English,0.0,0,0.4043887147335423,0.4043887147335423,5.768320995793772,5.768320995793772,2021,0
Unknown,Low,2020s,English,0.0,0,0.4043887147335423,0.4043887147335423,5.768320995793772,5.768320995793772,2021,0
Unknown,Low,2020s,English,0.0,0,0.4043887147335423,0.4043887147335423,5.768320995793772,5.768320995793772,2021,1
Unknown,Low,2020s,English,0.0,0,0.4043887147335423,0.4043887147335423,5.768320995793772,5.768320995793772,2021,1
Unknown,Low,2020s,English,0.0,0,0.4043887147335423,0.4043887147335423,5.768320995793772,5.768320995793772,2020,0
Unknown,Low,2020s,English,0.0,0,0.4043887147335423,0.4043887147335423,5.768320995793772,5.768320995793772,2020,1
Unknown,Low,2020s,English,0.0,0,0.4043887147335423,0.4043887147335423,5.768320995793772,5.768320995793772,2020,1
Unknown,Low,2020s,English,0.0,0,0.4043887147335423,0.4043887147335423,5.768320995793772,5.768320995793772,2020,0
Unknown,Low,2020s,Non-English,0.0,0,0.4043887147335423,0.4043887147335423,5.768320995793772,5.768320995793772,2020,0
Unknown,Low,2020s,English,5.174,0,0.4043887147335423,0.4043887147335423,5.768320995793772,5.768320995793772,2020,0
Unknown,Low,2010s,English,0.0,0,0.4043887147335423,0.4043887147335423,5.768320995793772,5.768320995793772,2019,1
Unknown,Low,2010s,Non-English,0.0,0,0.4043887147335423,0.4043887147335423,5.768320995793772,5.768320995793772,2019,1
Unknown,Mid,2010s,English,7.131,0,0.4043887147335423,0.4043887147335423,5.768320995793772,5.768320995793772,2019,1
Unknown,Low,2010s,English,7.105,0,0.4043887147335423,0.4043887147335423,5.768320995793772,5.768320995793772,2019,0
Unknown,Low,2010s,Non-English,0.0,0,0.4043887147335423,0.4043887147335423,5.768320995793772,5.768320995793772,2018,1
Unknown,Low,2010s,English,0.0,0,0.4043887147335423,0.4043887147335423,5.768320995793772,5.768320995793772,2018,1
Unknown,Low,2010s,English,0.0,0,0.4043887147335423,0.4043887147335423,5.768320995793772,5.768320995793772,2018,0
Unknown,Low,2010s,English,2.0,0,0.4043887147335423,0.4043887147335423,5.768320995793772,5.768320995793772,2018,0
Unknown,Low,2010s,Non-English,6.588,0,0.4043887147335423,0.4043887147335423,5.768320995793772,5.768320995793772,2018,0
Unknown,Low,2010s,English,6.34,0,0.4043887147335423,0.4043887147335423,5.768320995793772,5.768320995793772,2018,1
Unknown,Low,2010s,English,6.4,0,0.4043887147335423,0.4043887147335423,5.768320995793772,5.768320995793772,2018,0
Unknown,Low,2010s,English,0.0,0,0.4043887147335423,0.4043887147335423,5.768320995793772,5.768320995793772,2018,1
Unknown,High,2010s,English,0.0,0,0.4043887147335423,0.4043887147335423,5.768320995793772,5.768320995793772,2017,1
Unknown,Low,2010s,English,5.7,0,0.4043887147335423,0.4043887147335423,5.768320995793772,5.768320995793772,2017,0
Unknown,Low,2010s,Non-English,6.429,0,0.4043887147335423,0.4043887147335423,5.768320995793772,5.768320995793772,2016,1
Unknown,Low,2010s,English,6.045,0,0.4043887147335423,0.4043887147335423,5.768320995793772,5.768320995793772,2016,0
Unknown,Low,2010s,English,6.996,0,0.4043887147335423,0.4043887147335423,5.768320995793772,5.768320995793772,2016,1
Unknown,Low,2010s,English,6.427,0,0.4043887147335423,0.4043887147335423,5.768320995793772,5.768320995793772,2016,0
Unknown,Low,2010s,English,6.8,0,0.4043887147335423,0.4043887147335423,5.768320995793772,5.768320995793772,2016,1
Unknown,Low,2010s,English,6.212,0,0.4043887147335423,0.4043887147335423,5.768320995793772,5.768320995793772,2016,0
Unknown,Low,2010s,English,6.727,0,0.4043887147335423,0.4043887147335423,5.768320995793772,5.768320995793772,2016,0
Unknown,Low,2010s,English,0.0,0,0.4043887147335423,0.4043887147335423,5.768320995793772,5.768320995793772,2016,0
Unknown,Low,2010s,English,0.0,0,0.4043887147335423,0.4043887147335423,5.768320995793772,5.768320995793772,2016,0
Unknown,High,2010s,English,0.0,0,0.4043887147335423,0.4043887147335423,5.768320995793772,5.768320995793772,2016,1
Unknown,Low,2010s,English,0.0,0,0.4043887147335423,0.4043887147335423,5.768320995793772,5.768320995793772,2015,1
Unknown,Low,2010s,Non-English,0.0,0,0.4043887147335423,0.4043887147335423,5.768320995793772,5.768320995793772,2015,0
Unknown,Low,2010s,Non-English,0.0,0,0.4043887147335423,0.4043887147335423,5.768320995793772,5.768320995793772,2015,1
Unknown,Low,2010s,Non-English,5.6,0,0.4043887147335423,0.4043887147335423,5.768320995793772,5.768320995793772,2015,0
Unknown,Low,2010s,English,6.589,0,0.4043887147335423,0.4043887147335423,5.768320995793772,5.768320995793772,2015,1
Unknown,Low,2010s,English,5.7,0,0.4043887147335423,0.4043887147335423,5.768320995793772,5.768320995793772,2015,0
Unknown,Low,2010s,English,7.0,0,0.4043887147335423,0.4043887147335423,5.768320995793772,5.768320995793772,2015,1
Unknown,Low,2010s,English,6.792,0,0.4043887147335423,0.4043887147335423,5.768320995793772,5.768320995793772,2015,0
Unknown,Low,2020s,English,7.227,0,0.4043887147335423,0.4043887147335423,5.768320995793772,5.768320995793772,2024,1
Unknown,Low,2020s,English,6.93,0,0.4043887147335423,0.4043887147335423,5.768320995793772,5.768320995793772,2024,0
Unknown,Low,2020s,English,5.643,0,0.4043887147335423,0.4043887147335423,5.768320995793772,5.768320995793772,2024,1
Unknown,Low,2020s,English,7.112,0,0.4043887147335423,0.4043887147335423,5.768320995793772,5.768320995793772,2024,1
Unknown,Low,2020s,English,6.66,0,0.4043887147335423,0.4043887147335423,5.768320995793772,5.768320995793772,2024,0
Unknown,Low,2020s,English,6.853,0,0.4043887147335423,0.4043887147335423,5.768320995793772,5.768320995793772,2024,0
Unknown,Low,2020s,English,5.5,0,0.4043887147335423,0.4043887147335423,5.768320995793772,5.768320995793772,2024,0
Unknown,Low,2020s,English,7.1,0,0.4043887147335423,0.4043887147335423,5.768320995793772,5.768320995793772,2024,0
Unknown,Low,2020s,Non-English,6.596,0,0.4043887147335423,0.4043887147335423,5.768320995793772,5.768320995793772,2024,0
Unknown,Low,2020s,Non-English,6.921,0,0.4043887147335423,0.4043887147335423,5.768320995793772,5.768320995793772,2024,0
Unknown,Low,2020s,English,5.811,0,0.4043887147335423,0.4043887147335423,5.768320995793772,5.768320995793772,2024,0
Unknown,Low,2020s,English,7.2,0,0.4043887147335423,0.4043887147335423,5.768320995793772,5.768320995793772,2024,0
Unknown,Mid,2020s,English,5.912,0,0.4043887147335423,0.4043887147335423,5.768320995793772,5.768320995793772,2024,0
Unknown,Low,2020s,Non-English,6.6,0,0.4043887147335423,0.4043887147335423,5.768320995793772,5.768320995793772,2024,0
Unknown,Low,2020s,English,10.0,0,0.4043887147335423,0.4043887147335423,5.768320995793772,5.768320995793772,2024,1
Unknown,Low,2020s,English,6.786,0,0.4043887147335423,0.4043887147335423,5.768320995793772,5.768320995793772,2024,0
Unknown,Low,2020s,Non-English,6.295,0,0.4043887147335423,0.4043887147335423,5.768320995793772,5.768320995793772,2024,0
Unknown,Low,2020s,Non-English,5.681,0,0.4043887147335423,0.4043887147335423,5.768320995793772,5.768320995793772,2024,0
Unknown,Low,2020s,Non-English,6.2,0,0.4043887147335423,0.4043887147335423,5.768320995793772,5.768320995793772,2024,0
Unknown,Low,2020s,English,6.797,0,0.4043887147335423,0.4043887147335423,5.768320995793772,5.768320995793772,2024,0
Unknown,Low,2020s,Non-English,6.121,0,0.4043887147335423,0.4043887147335423,5.768320995793772,5.768320995793772,2024,0
Unknown,Low,2020s,English,7.0,0,0.4043887147335423,0.4043887147335423,5.768320995793772,5.768320995793772,2024,0
Unknown,Low,2020s,English,6.933,0,0.4043887147335423,0.4043887147335423,5.768320995793772,5.768320995793772,2024,1
Unknown,Low,2020s,English,6.759,0,0.4043887147335423,0.4043887147335423,5.768320995793772,5.768320995793772,2024,0
Unknown,Low,2020s,Non-English,5.7,0,0.4043887147335423,0.4043887147335423,5.768320995793772,5.768320995793772,2024,0
Unknown,Low,2020s,Non-English,5.7,0,0.4043887147335423,0.4043887147335423,5.768320995793772,5.768320995793772,2024,0
Unknown,Low,2020s,English,4.339,0,0.4043887147335423,0.4043887147335423,5.768320995793772,5.768320995793772,2024,0
Unknown,Low,2020s,Non-English,7.512,0,0.4043887147335423,0.4043887147335423,5.768320995793772,5.768320995793772,2024,1
Unknown,Low,2020s,Non-English,6.4,0,0.4043887147335423,0.4043887147335423,5.768320995793772,5.768320995793772,2024,0
Unknown,Low,2020s,English,6.1,0,0.4043887147335423,0.4043887147335423,5.768320995793772,5.768320995793772,2024,0
Unknown,Mid,2020s,English,5.867,0,0.4043887147335423,0.4043887147335423,5.768320995793772,5.768320995793772,2024,0
Unknown,Low,2020s,Non-English,5.0,0,0.4043887147335423,0.4043887147335423,5.768320995793772,5.768320995793772,2024,0
Unknown,Low,2020s,English,0.0,0,0.4043887147335423,0.4043887147335423,5.768320995793772,5.768320995793772,2024,0
Unknown,Low,2020s,English,7.0,0,0.4043887147335423,0.4043887147335423,5.768320995793772,5.768320995793772,2024,0
Unknown,Low,2020s,English,0.0,0,0.4043887147335423,0.4043887147335423,5.768320995793772,5.768320995793772,2024,0
Unknown,Low,2020s,Non-English,0.0,0,0.4043887147335423,0.4043887147335423,5.768320995793772,5.768320995793772,2024,0
Unknown,Low,2020s,English,0.0,0,0.4043887147335423,0.4043887147335423,5.768320995793772,5.768320995793772,2024,1
Unknown,Low,2020s,Non-English,6.4,0,0.4043887147335423,0.4043887147335423,5.768320995793772,5.768320995793772,2024,1
Unknown,Low,2020s,Non-English,0.0,0,0.4043887147335423,0.4043887147335423,5.768320995793772,5.768320995793772,2024,0
Unknown,Low,2020s,Non-English,0.0,0,0.4043887147335423,0.4043887147335423,5.768320995793772,5.768320995793772,2024,1
Unknown,Low,2020s,English,0.0,0,0.4043887147335423,0.4043887147335423,5.768320995793772,5.768320995793772,2024,0
Unknown,Low,2020s,English,9.0,0,0.4043887147335423,0.4043887147335423,5.768320995793772,5.768320995793772,2024,1
Unknown,Low,2020s,English,0.0,0,0.4043887147335423,0.4043887147335423,5.768320995793772,5.768320995793772,2024,1
Unknown,Low,2020s,English,0.0,0,0.4043887147335423,0.4043887147335423,5.768320995793772,5.768320995793772,2024,0
Unknown,Low,2020s,Non-English,0.0,0,0.4043887147335423,0.4043887147335423,5.768320995793772,5.768320995793772,2024,0
Unknown,Low,2020s,English,10.0,0,0.4043887147335423,0.4043887147335423,5.768320995793772,5.768320995793772,2024,1
Unknown,Low,2020s,Non-English,0.0,0,0.4043887147335423,0.4043887147335423,5.768320995793772,5.768320995793772,2024,1
Unknown,Low,2020s,Non-English,8.0,0,0.4043887147335423,0.4043887147335423,5.768320995793772,5.768320995793772,2024,0
Unknown,Low,2020s,English,0.0,0,0.4043887147335423,0.4043887147335423,5.768320995793772,5.768320995793772,2024,0
Unknown,Low,2020s,Non-English,0.0,0,0.4043887147335423,0.4043887147335423,5.768320995793772,5.768320995793772,2024,0
Unknown,Low,2020s,English,0.0,0,0.4043887147335423,0.4043887147335423,5.768320995793772,5.768320995793772,2024,1
Unknown,Low,2020s,Non-English,0.0,0,0.4043887147335423,0.4043887147335423,5.768320995793772,5.768320995793772,2024,0
Unknown,Low,2020s,English,0.0,0,0.4043887147335423,0.4043887147335423,5.768320995793772,5.768320995793772,2024,0
Unknown,Low,2020s,Non-English,0.0,0,0.4043887147335423,0.4043887147335423,5.768320995793772,5.768320995793772,2024,0
Unknown,Low,2020s,English,0.0,0,0.4043887147335423,0.4043887147335423,5.768320995793772,5.768320995793772,2024,0
Unknown,Low,2020s,Non-English,0.0,0,0.4043887147335423,0.4043887147335423,5.768320995793772,5.768320995793772,2024,1
Unknown,Low,2020s,Non-English,0.0,0,0.4043887147335423,0.4043887147335423,5.768320995793772,5.768320995793772,2024,0
Unknown,Low,2020s,English,0.0,0,0.4043887147335423,0.4043887147335423,5.768320995793772,5.768320995793772,2024,1
Unknown,Low,2020s,Non-English,0.0,0,0.4043887147335423,0.4043887147335423,5.768320995793772,5.768320995793772,2024,0
Unknown,Low,2020s,Non-English,6.753,0,0.4043887147335423,0.4043887147335423,5.768320995793772,5.768320995793772,2023,0
Unknown,Low,2020s,English,5.416,0,0.4043887147335423,0.4043887147335423,5.768320995793772,5.768320995793772,2023,1
Unknown,Low,2020s,Non-English,7.298,0,0.4043887147335423,0.4043887147335423,5.768320995793772,5.768320995793772,2023,0
Unknown,Low,2020s,Non-English,6.8,0,0.4043887147335423,0.4043887147335423,5.768320995793772,5.768320995793772,2023,0
Unknown,Low,2020s,Non-English,7.5,0,0.4043887147335423,0.4043887147335423,5.768320995793772,5.768320995793772,2023,0
Unknown,Low,2020s,English,5.535,0,0.4043887147335423,0.4043887147335423,5.768320995793772,5.768320995793772,2023,0
Unknown,Low,2020s,English,6.02,0,0.4043887147335423,0.4043887147335423,5.768320995793772,5.768320995793772,2023,0
Unknown,Low,2020s,English,5.966,0,0.4043887147335423,0.4043887147335423,5.768320995793772,5.768320995793772,2023,1
Unknown,Mid,2020s,English,6.346,0,0.4043887147335423,0.4043887147335423,5.768320995793772,5.768320995793772,2023,0
Unknown,Low,2020s,English,5.72,0,0.4043887147335423,0.4043887147335423,5.768320995793772,5.768320995793772,2023,0
Unknown,Low,2020s,English,6.7,0,0.4043887147335423,0.4043887147335423,5.768320995793772,5.768320995793772,2023,0
Unknown,Low,2020s,Non-English,6.525,0,0.4043887147335423,0.4043887147335423,5.768320995793772,5.768320995793772,2023,0
Unknown,Low,2020s,English,7.145,0,0.4043887147335423,0.4043887147335423,5.768320995793772,5.768320995793772,2023,1
Unknown,Low,2020s,Non-English,6.714,0,0.4043887147335423,0.4043887147335423,5.768320995793772,5.768320995793772,2023,0
Unknown,Low,2020s,Non-English,6.989,0,0.4043887147335423,0.4043887147335423,5.768320995793772,5.768320995793772,2023,1
Unknown,Low,2020s,Non-English,7.026,0,0.4043887147335423,0.4043887147335423,5.768320995793772,5.768320995793772,2023,1
Unknown,Low,2020s,Non-English,6.543,0,0.4043887147335423,0.4043887147335423,5.768320995793772,5.768320995793772,2023,1
Unknown,Low,2020s,Non-English,10.0,0,0.4043887147335423,0.4043887147335423,5.768320995793772,5.768320995793772,2023,0
Unknown,Low,2020s,English,0.0,0,0.4043887147335423,0.4043887147335423,5.768320995793772,5.768320995793772,2023,1
Unknown,Low,2020s,English,0.0,0,0.4043887147335423,0.4043887147335423,5.768320995793772,5.768320995793772,2023,1
Unknown,Low,2020s,English,0.0,0,0.4043887147335423,0.4043887147335423,5.768320995793772,5.768320995793772,2023,1
Unknown,Low,2020s,English,5.5,0,0.4043887147335423,0.4043887147335423,5.768320995793772,5.768320995793772,2023,1
Unknown,Low,2020s,English,8.0,0,0.4043887147335423,0.4043887147335423,5.768320995793772,5.768320995793772,2023,1
Unknown,Low,2020s,Non-English,0.0,0,0.4043887147335423,0.4043887147335423,5.768320995793772,5.768320995793772,2023,1
Unknown,Low,2020s,Non-English,0.0,0,0.4043887147335423,0.4043887147335423,5.768320995793772,5.768320995793772,2023,0
Unknown,Low,2020s,Non-English,0.0,0,0.4043887147335423,0.4043887147335423,5.768320995793772,5.768320995793772,2023,1
Unknown,Low,2020s,Non-English,0.0,0,0.4043887147335423,0.4043887147335423,5.768320995793772,5.768320995793772,2023,1
Unknown,Low,2020s,English,0.0,0,0.4043887147335423,0.4043887147335423,5.768320995793772,5.768320995793772,2023,1
Unknown,Low,2020s,Non-English,0.0,0,0.4043887147335423,0.4043887147335423,5.768320995793772,5.768320995793772,2023,0
Unknown,Low,2020s,Non-English,0.0,0,0.4043887147335423,0.4043887147335423,5.768320995793772,5.768320995793772,2023,1
Unknown,Low,2020s,English,0.0,0,0.4043887147335423,0.4043887147335423,5.768320995793772,5.768320995793772,2023,0
Unknown,Low,2020s,English,0.0,0,0.4043887147335423,0.4043887147335423,5.768320995793772,5.768320995793772,2023,0
Unknown,Low,2020s,English,0.0,0,0.4043887147335423,0.4043887147335423,5.768320995793772,5.768320995793772,2023,1
Unknown,Low,2020s,English,0.0,0,0.4043887147335423,0.4043887147335423,5.768320995793772,5.768320995793772,2023,0
Unknown,Low,2020s,English,0.0,0,0.4043887147335423,0.4043887147335423,5.768320995793772,5.768320995793772,2023,0
Unknown,Low,2020s,Non-English,0.0,0,0.4043887147335423,0.4043887147335423,5.768320995793772,5.768320995793772,2022,0
Unknown,Low,2020s,Non-English,0.0,0,0.4043887147335423,0.4043887147335423,5.768320995793772,5.768320995793772,2022,1
Unknown,Low,2020s,Non-English,0.0,0,0.4043887147335423,0.4043887147335423,5.768320995793772,5.768320995793772,2022,0
Unknown,Low,2020s,English,0.0,0,0.4043887147335423,0.4043887147335423,5.768320995793772,5.768320995793772,2022,1
Unknown,Low,2020s,English,0.0,0,0.4043887147335423,0.4043887147335423,5.768320995793772,5.768320995793772,2022,1
Unknown,Low,2020s,Non-English,0.0,0,0.4043887147335423,0.4043887147335423,5.768320995793772,5.768320995793772,2022,0
Unknown,Low,2020s,Non-English,0.0,0,0.4043887147335423,0.4043887147335423,5.768320995793772,5.768320995793772,2022,1
Unknown,Low,2020s,English,0.0,0,0.4043887147335423,0.4043887147335423,5.768320995793772,5.768320995793772,2022,0
Unknown,Low,2020s,English,0.0,0,0.4043887147335423,0.4043887147335423,5.768320995793772,5.768320995793772,2022,0
Unknown,Low,2020s,English,0.0,0,0.4043887147335423,0.4043887147335423,5.768320995793772,5.768320995793772,2022,0
Unknown,Low,2020s,English,0.0,0,0.4043887147335423,0.4043887147335423,5.768320995793772,5.768320995793772,2022,1
Unknown,Mid,2020s,Non-English,0.0,0,0.4043887147335423,0.4043887147335423,5.768320995793772,5.768320995793772,2022,0
Unknown,Low,2020s,English,0.0,0,0.4043887147335423,0.4043887147335423,5.768320995793772,5.768320995793772,2022,1
Unknown,Low,2020s,Non-English,0.0,0,0.4043887147335423,0.4043887147335423,5.768320995793772,5.768320995793772,2022,1
Unknown,Low,2020s,Non-English,0.0,0,0.4043887147335423,0.4043887147335423,5.768320995793772,5.768320995793772,2022,1
Unknown,Low,2020s,Non-English,0.0,0,0.4043887147335423,0.4043887147335423,5.768320995793772,5.768320995793772,2022,0
Unknown,Low,2020s,Non-English,6.528,0,0.4043887147335423,0.4043887147335423,5.768320995793772,5.768320995793772,2022,0
Unknown,Low,2020s,Non-English,7.035,0,0.4043887147335423,0.4043887147335423,5.768320995793772,5.768320995793772,2022,0
Unknown,Low,2020s,Non-English,5.89,0,0.4043887147335423,0.4043887147335423,5.768320995793772,5.768320995793772,2022,0
Unknown,Low,2020s,English,7.552,0,0.4043887147335423,0.4043887147335423,5.768320995793772,5.768320995793772,2022,1
Unknown,Low,2020s,Non-English,0.0,0,0.4043887147335423,0.4043887147335423,5.768320995793772,5.768320995793772,2022,0
Unknown,Low,2020s,English,0.0,0,0.4043887147335423,0.4043887147335423,5.768320995793772,5.768320995793772,2022,0
Unknown,Low,2020s,Non-English,7.7,0,0.4043887147335423,0.4043887147335423,5.768320995793772,5.768320995793772,2022,0
Unknown,Low,2020s,Non-English,9.0,0,0.4043887147335423,0.4043887147335423,5.768320995793772,5.768320995793772,2022,1
Unknown,Mid,2020s,English,6.047,0,0.4043887147335423,0.4043887147335423,5.768320995793772,5.768320995793772,2022,0
Unknown,Low,2020s,English,0.0,0,0.4043887147335423,0.4043887147335423,5.768320995793772,5.768320995793772,2022,1
Unknown,Low,2020s,English,5.8,0,0.4043887147335423,0.4043887147335423,5.768320995793772,5.768320995793772,2022,0
Unknown,Low,2020s,English,10.0,0,0.4043887147335423,0.4043887147335423,5.768320995793772,5.768320995793772,2022,0
Unknown,Low,2020s,English,0.0,0,0.4043887147335423,0.4043887147335423,5.768320995793772,5.768320995793772,2022,1
Unknown,Low,2020s,English,0.0,0,0.4043887147335423,0.4043887147335423,5.768320995793772,5.768320995793772,2022,0
Unknown,Low,2020s,Non-English,9.0,0,0.4043887147335423,0.4043887147335423,5.768320995793772,5.768320995793772,2022,1
Unknown,Low,2020s,English,0.0,0,0.4043887147335423,0.4043887147335423,5.768320995793772,5.768320995793772,2022,1
Unknown,Low,2020s,English,10.0,0,0.4043887147335423,0.4043887147335423,5.768320995793772,5.768320995793772,2022,0
Unknown,Low,2020s,Non-English,6.301,0,0.4043887147335423,0.4043887147335423,5.768320995793772,5.768320995793772,2021,0
Unknown,Low,2020s,English,6.992,0,0.4043887147335423,0.4043887147335423,5.768320995793772,5.768320995793772,2021,0
Unknown,Low,2020s,English,6.197,0,0.4043887147335423,0.4043887147335423,5.768320995793772,5.768320995793772,2021,0
Unknown,Low,2020s,English,7.336,0,0.4043887147335423,0.4043887147335423,5.768320995793772,5.768320995793772,2021,1
Unknown,Low,2020s,English,6.804,0,0.4043887147335423,0.4043887147335423,5.768320995793772,5.768320995793772,2021,0
Unknown,Mid,2020s,English,7.453,0,0.4043887147335423,0.4043887147335423,5.768320995793772,5.768320995793772,2021,1
Unknown,Low,2020s,English,6.6,0,0.4043887147335423,0.4043887147335423,5.768320995793772,5.768320995793772,2021,0
Unknown,Low,2020s,Non-English,7.641,0,0.4043887147335423,0.4043887147335423,5.768320995793772,5.768320995793772,2021,0
Unknown,Low,2020s,English,6.34,0,0.4043887147335423,0.4043887147335423,5.768320995793772,5.768320995793772,2021,0
Unknown,Low,2020s,English,6.598,0,0.4043887147335423,0.4043887147335423,5.768320995793772,5.768320995793772,2021,0
Unknown,Low,2020s,English,7.186,0,0.4043887147335423,0.4043887147335423,5.768320995793772,5.768320995793772,2021,1
Unknown,Low,2020s,Non-English,6.265,0,0.4043887147335423,0.4043887147335423,5.768320995793772,5.768320995793772,2021,0
Unknown,Low,2020s,Non-English,6.638,0,0.4043887147335423,0.4043887147335423,5.768320995793772,5.768320995793772,2021,0
Unknown,Low,2020s,Non-English,7.1,0,0.4043887147335423,0.4043887147335423,5.768320995793772,5.768320995793772,2021,0
Unknown,Low,2020s,Non-English,10.0,0,0.4043887147335423,0.4043887147335423,5.768320995793772,5.768320995793772,2021,1
Unknown,Low,2020s,Non-English,7.425,0,0.4043887147335423,0.4043887147335423,5.768320995793772,5.768320995793772,2021,1
Unknown,Low,2020s,English,0.0,0,0.4043887147335423,0.4043887147335423,5.768320995793772,5.768320995793772,2021,0
Unknown,Low,2020s,English,0.0,0,0.4043887147335423,0.4043887147335423,5.768320995793772,5.768320995793772,2021,0
Unknown,Low,2020s,Non-English,0.0,0,0.4043887147335423,0.4043887147335423,5.768320995793772,5.768320995793772,2021,1
Unknown,Low,2020s,English,0.0,0,0.4043887147335423,0.4043887147335423,5.768320995793772,5.768320995793772,2021,0
Unknown,Low,2020s,Non-English,0.0,0,0.4043887147335423,0.4043887147335423,5.768320995793772,5.768320995793772,2021,1
Unknown,Low,2020s,English,0.0,0,0.4043887147335423,0.4043887147335423,5.768320995793772,5.768320995793772,2021,1
Unknown,Low,2020s,English,0.0,0,0.4043887147335423,0.4043887147335423,5.768320995793772,5.768320995793772,2021,1
Unknown,Low,2020s,Non-English,0.0,0,0.4043887147335423,0.4043887147335423,5.768320995793772,5.768320995793772,2021,1
Unknown,Low,2020s,English,0.0,0,0.4043887147335423,0.4043887147335423,5.768320995793772,5.768320995793772,2021,1
Unknown,Low,2020s,English,0.0,0,0.4043887147335423,0.4043887147335423,5.768320995793772,5.768320995793772,2021,1
Unknown,Low,2020s,Non-English,0.0,0,0.4043887147335423,0.4043887147335423,5.768320995793772,5.768320995793772,2020,0
Unknown,Low,2020s,Non-English,0.0,0,0.4043887147335423,0.4043887147335423,5.768320995793772,5.768320995793772,2020,1
Unknown,Low,2020s,Non-English,0.0,0,0.4043887147335423,0.4043887147335423,5.768320995793772,5.768320995793772,2020,0
Unknown,Low,2020s,English,0.0,0,0.4043887147335423,0.4043887147335423,5.768320995793772,5.768320995793772,2020,1
Unknown,Low,2020s,English,8.0,0,0.4043887147335423,0.4043887147335423,5.768320995793772,5.768320995793772,2020,1
Unknown,Low,2020s,English,0.0,0,0.4043887147335423,0.4043887147335423,5.768320995793772,5.768320995793772,2020,1
Unknown,Low,2020s,Non-English,10.0,0,0.4043887147335423,0.4043887147335423,5.768320995793772,5.768320995793772,2020,0
Unknown,Low,2020s,English,0.0,0,0.4043887147335423,0.4043887147335423,5.768320995793772,5.768320995793772,2020,1
Unknown,Low,2020s,English,0.0,0,0.4043887147335423,0.4043887147335423,5.768320995793772,5.768320995793772,2020,1
Unknown,Low,2020s,Non-English,10.0,0,0.4043887147335423,0.4043887147335423,5.768320995793772,5.768320995793772,2020,1
Unknown,Low,2020s,English,0.0,0,0.4043887147335423,0.4043887147335423,5.768320995793772,5.768320995793772,2020,1
Unknown,Low,2020s,Non-English,7.5,0,0.4043887147335423,0.4043887147335423,5.768320995793772,5.768320995793772,2020,1
Unknown,Low,2020s,Non-English,0.0,0,0.4043887147335423,0.4043887147335423,5.768320995793772,5.768320995793772,2020,0
Unknown,Low,2020s,English,0.0,0,0.4043887147335423,0.4043887147335423,5.768320995793772,5.768320995793772,2020,0
Unknown,Low,2020s,Non-English,0.0,0,0.4043887147335423,0.4043887147335423,5.768320995793772,5.768320995793772,2020,1
Unknown,Low,2020s,English,0.0,0,0.4043887147335423,0.4043887147335423,5.768320995793772,5.768320995793772,2020,1
Unknown,Low,2020s,English,0.0,0,0.4043887147335423,0.4043887147335423,5.768320995793772,5.768320995793772,2020,1
Unknown,Low,2020s,English,0.0,0,0.4043887147335423,0.4043887147335423,5.768320995793772,5.768320995793772,2020,1
Unknown,Low,2020s,English,0.0,0,0.4043887147335423,0.4043887147335423,5.768320995793772,5.768320995793772,2020,1
Unknown,Low,2020s,English,0.0,0,0.4043887147335423,0.4043887147335423,5.768320995793772,5.768320995793772,2020,1
Unknown,Low,2020s,Non-English,0.0,0,0.4043887147335423,0.4043887147335423,5.768320995793772,5.768320995793772,2020,0
Unknown,Low,2020s,English,0.0,0,0.4043887147335423,0.4043887147335423,5.768320995793772,5.768320995793772,2020,1
Unknown,Low,2020s,Non-English,0.0,0,0.4043887147335423,0.4043887147335423,5.768320995793772,5.768320995793772,2020,1
Unknown,Low,2020s,Non-English,0.0,0,0.4043887147335423,0.4043887147335423,5.768320995793772,5.768320995793772,2020,0
Unknown,Low,2020s,Non-English,0.0,0,0.4043887147335423,0.4043887147335423,5.768320995793772,5.768320995793772,2020,0
Unknown,Low,2020s,English,0.0,0,0.4043887147335423,0.4043887147335423,5.768320995793772,5.768320995793772,2020,1
Unknown,Low,2020s,Non-English,4.9,0,0.4043887147335423,0.4043887147335423,5.768320995793772,5.768320995793772,2020,0
Unknown,Low,2020s,English,7.06,0,0.4043887147335423,0.4043887147335423,5.768320995793772,5.768320995793772,2020,0
Unknown,Low,2020s,English,6.033,0,0.4043887147335423,0.4043887147335423,5.768320995793772,5.768320995793772,2020,0
Unknown,Low,2020s,English,6.052,0,0.4043887147335423,0.4043887147335423,5.768320995793772,5.768320995793772,2020,0
Unknown,Low,2020s,English,6.432,0,0.4043887147335423,0.4043887147335423,5.768320995793772,5.768320995793772,2020,0
Unknown,Low,2020s,Non-English,7.1,0,0.4043887147335423,0.4043887147335423,5.768320995793772,5.768320995793772,2020,0
Unknown,Low,2020s,English,7.315,0,0.4043887147335423,0.4043887147335423,5.768320995793772,5.768320995793772,2020,0
Unknown,Low,2020s,English,6.899,0,0.4043887147335423,0.4043887147335423,5.768320995793772,5.768320995793772,2020,0
Unknown,Low,2020s,Non-English,6.418,0,0.4043887147335423,0.4043887147335423,5.768320995793772,5.768320995793772,2020,1
Unknown,Low,2020s,English,7.668,0,0.4043887147335423,0.4043887147335423,5.768320995793772,5.768320995793772,2020,1
Unknown,Low,2020s,Non-English,6.863,0,0.4043887147335423,0.4043887147335423,5.768320995793772,5.768320995793772,2020,1
Unknown,Low,2020s,English,0.0,0,0.4043887147335423,0.4043887147335423,5.768320995793772,5.768320995793772,2020,1
Unknown,Low,2010s,English,0.0,0,0.4043887147335423,0.4043887147335423,5.768320995793772,5.768320995793772,2019,1
Unknown,Low,2010s,Non-English,0.0,0,0.4043887147335423,0.4043887147335423,5.768320995793772,5.768320995793772,2019,0
Unknown,Low,2010s,Non-English,0.0,0,0.4043887147335423,0.4043887147335423,5.768320995793772,5.768320995793772,2019,1
Unknown,Low,2010s,Non-English,0.0,0,0.4043887147335423,0.4043887147335423,5.768320995793772,5.768320995793772,2019,1
Unknown,Low,2010s,Non-English,6.7,0,0.4043887147335423,0.4043887147335423,5.768320995793772,5.768320995793772,2019,0
Unknown,Low,2010s,English,7.2,0,0.4043887147335423,0.4043887147335423,5.768320995793772,5.768320995793772,2019,0
Unknown,Low,2010s,English,5.46,0,0.4043887147335423,0.4043887147335423,5.768320995793772,5.768320995793772,2019,0
Unknown,Low,2010s,English,6.586,0,0.4043887147335423,0.4043887147335423,5.768320995793772,5.768320995793772,2019,0
Unknown,Low,2010s,English,7.544,0,0.4043887147335423,0.4043887147335423,5.768320995793772,5.768320995793772,2019,0
Unknown,Low,2010s,English,6.745,0,0.4043887147335423,0.4043887147335423,5.768320995793772,5.768320995793772,2019,1
Unknown,Mid,2010s,English,6.878,0,0.4043887147335423,0.4043887147335423,5.768320995793772,5.768320995793772,2019,0
Unknown,Low,2010s,English,7.2,0,0.4043887147335423,0.4043887147335423,5.768320995793772,5.768320995793772,2019,0
Unknown,Low,2010s,Non-English,6.0,0,0.4043887147335423,0.4043887147335423,5.768320995793772,5.768320995793772,2019,0
Unknown,Low,2010s,English,5.9,0,0.4043887147335423,0.4043887147335423,5.768320995793772,5.768320995793772,2019,0
Unknown,Low,2010s,Non-English,10.0,0,0.4043887147335423,0.4043887147335423,5.768320995793772,5.768320995793772,2019,1
Unknown,High,2010s,English,0.0,0,0.4043887147335423,0.4043887147335423,5.768320995793772,5.768320995793772,2019,0
Unknown,Low,2010s,Non-English,0.0,0,0.4043887147335423,0.4043887147335423,5.768320995793772,5.768320995793772,2019,1
Unknown,Low,2010s,English,0.0,0,0.4043887147335423,0.4043887147335423,5.768320995793772,5.768320995793772,2019,0
Unknown,Low,2010s,Non-English,0.0,0,0.4043887147335423,0.4043887147335423,5.768320995793772,5.768320995793772,2018,1
Unknown,Low,2010s,Non-English,0.0,0,0.4043887147335423,0.4043887147335423,5.768320995793772,5.768320995793772,2018,0
Unknown,Low,2010s,English,0.0,0,0.4043887147335423,0.4043887147335423,5.768320995793772,5.768320995793772,2018,1
Unknown,Low,2010s,Non-English,0.0,0,0.4043887147335423,0.4043887147335423,5.768320995793772,5.768320995793772,2018,0
Unknown,Low,2010s,English,0.0,0,0.4043887147335423,0.4043887147335423,5.768320995793772,5.768320995793772,2018,0
Unknown,Low,2010s,Non-English,0.0,0,0.4043887147335423,0.4043887147335423,5.768320995793772,5.768320995793772,2018,0
Unknown,Low,2010s,English,0.0,0,0.4043887147335423,0.4043887147335423,5.768320995793772,5.768320995793772,2018,0
Unknown,Low,2010s,Non-English,0.0,0,0.4043887147335423,0.4043887147335423,5.768320995793772,5.768320995793772,2018,1
Unknown,Low,2010s,English,0.0,0,0.4043887147335423,0.4043887147335423,5.768320995793772,5.768320995793772,2018,1
Unknown,Low,2010s,English,0.0,0,0.4043887147335423,0.4043887147335423,5.768320995793772,5.768320995793772,2018,0
Unknown,Low,2010s,English,10.0,0,0.4043887147335423,0.4043887147335423,5.768320995793772,5.768320995793772,2018,1
Unknown,Low,2010s,English,6.946,0,0.4043887147335423,0.4043887147335423,5.768320995793772,5.768320995793772,2018,0
Unknown,Low,2010s,English,7.256,0,0.4043887147335423,0.4043887147335423,5.768320995793772,5.768320995793772,2018,0
Unknown,Low,2010s,English,6.142,0,0.4043887147335423,0.4043887147335423,5.768320995793772,5.768320995793772,2018,1
Unknown,Mid,2010s,English,6.697,0,0.4043887147335423,0.4043887147335423,5.768320995793772,5.768320995793772,2018,0
Unknown,Low,2010s,Non-English,6.5,0,0.4043887147335423,0.4043887147335423,5.768320995793772,5.768320995793772,2018,0
Unknown,Mid,2010s,English,6.092,0,0.4043887147335423,0.4043887147335423,5.768320995793772,5.768320995793772,2018,0
Unknown,Low,2010s,English,7.062,0,0.4043887147335423,0.4043887147335423,5.768320995793772,5.768320995793772,2018,1
Unknown,Low,2010s,English,6.7,0,0.4043887147335423,0.4043887147335423,5.768320995793772,5.768320995793772,2018,0
Unknown,Low,2010s,English,6.1,0,0.4043887147335423,0.4043887147335423,5.768320995793772,5.768320995793772,2018,0
Unknown,Low,2010s,Non-English,6.6,0,0.4043887147335423,0.4043887147335423,5.768320995793772,5.768320995793772,2018,1
Unknown,Low,2010s,Non-English,6.9,0,0.4043887147335423,0.4043887147335423,5.768320995793772,5.768320995793772,2018,0
Unknown,Low,2010s,Non-English,7.7,0,0.4043887147335423,0.4043887147335423,5.768320995793772,5.768320995793772,2018,0
Unknown,Low,2010s,English,5.935,0,0.4043887147335423,0.4043887147335423,5.768320995793772,5.768320995793772,2018,0
Unknown,Low,2010s,Non-English,10.0,0,0.4043887147335423,0.4043887147335423,5.768320995793772,5.768320995793772,2017,0
Unknown,Low,2010s,English,0.0,0,0.4043887147335423,0.4043887147335423,5.768320995793772,5.768320995793772,2017,1
Unknown,Low,2010s,English,0.0,0,0.4043887147335423,0.4043887147335423,5.768320995793772,5.768320995793772,2017,1
Unknown,Low,2010s,English,10.0,0,0.4043887147335423,0.4043887147335423,5.768320995793772,5.768320995793772,2017,1
Unknown,Low,2010s,Non-English,0.0,0,0.4043887147335423,0.4043887147335423,5.768320995793772,5.768320995793772,2017,1
Unknown,Low,2010s,English,6.727,0,0.4043887147335423,0.4043887147335423,5.768320995793772,5.768320995793772,2017,1
Unknown,Low,2010s,English,5.251,0,0.4043887147335423,0.4043887147335423,5.768320995793772,5.768320995793772,2017,0
Unknown,Low,2010s,English,6.262,0,0.4043887147335423,0.4043887147335423,5.768320995793772,5.768320995793772,2017,0
Unknown,Low,2010s,English,6.258,0,0.4043887147335423,0.4043887147335423,5.768320995793772,5.768320995793772,2017,0
Unknown,Low,2010s,English,6.28,0,0.4043887147335423,0.4043887147335423,5.768320995793772,5.768320995793772,2017,0
Unknown,Low,2010s,English,7.7,0,0.4043887147335423,0.4043887147335423,5.768320995793772,5.768320995793772,2017,1
Unknown,Low,2010s,English,6.613,0,0.4043887147335423,0.4043887147335423,5.768320995793772,5.768320995793772,2017,0
Unknown,Mid,2010s,English,5.788,0,0.4043887147335423,0.4043887147335423,5.768320995793772,5.768320995793772,2017,0
Unknown,Mid,2010s,English,5.218,0,0.4043887147335423,0.4043887147335423,5.768320995793772,5.768320995793772,2017,0
Unknown,Low,2010s,Non-English,8.083,0,0.4043887147335423,0.4043887147335423,5.768320995793772,5.768320995793772,2017,1
Unknown,Low,2010s,English,7.342,0,0.4043887147335423,0.4043887147335423,5.768320995793772,5.768320995793772,2017,1
Unknown,Low,2010s,English,6.151,0,0.4043887147335423,0.4043887147335423,5.768320995793772,5.768320995793772,2017,0
Unknown,Mid,2010s,English,6.395,0,0.4043887147335423,0.4043887147335423,5.768320995793772,5.768320995793772,2017,0
Unknown,Low,2010s,Non-English,5.5,0,0.4043887147335423,0.4043887147335423,5.768320995793772,5.768320995793772,2017,0
Unknown,Mid,2010s,English,6.34,0,0.4043887147335423,0.4043887147335423,5.768320995793772,5.768320995793772,2017,0
Unknown,Low,2010s,Non-English,6.0,0,0.4043887147335423,0.4043887147335423,5.768320995793772,5.768320995793772,2017,1
Unknown,Low,2010s,Non-English,7.0,0,0.4043887147335423,0.4043887147335423,5.768320995793772,5.768320995793772,2016,0
Unknown,Low,2010s,English,6.832,0,0.4043887147335423,0.4043887147335423,5.768320995793772,5.768320995793772,2016,0
Unknown,Low,2010s,English,6.24,0,0.4043887147335423,0.4043887147335423,5.768320995793772,5.768320995793772,2016,0
Unknown,Low,2010s,Non-English,8.0,0,0.4043887147335423,0.4043887147335423,5.768320995793772,5.768320995793772,2016,1
Unknown,Low,2010s,English,6.362,0,0.4043887147335423,0.4043887147335423,5.768320995793772,5.768320995793772,2016,0
Unknown,Low,2010s,English,6.295,0,0.4043887147335423,0.4043887147335423,5.768320995793772,5.768320995793772,2016,0
Unknown,Low,2010s,English,6.455,0,0.4043887147335423,0.4043887147335423,5.768320995793772,5.768320995793772,2016,0
Unknown,Low,2010s,Non-English,4.8,0,0.4043887147335423,0.4043887147335423,5.768320995793772,5.768320995793772,2016,0
Unknown,Low,2010s,Non-English,7.0,0,0.4043887147335423,0.4043887147335423,5.768320995793772,5.768320995793772,2016,0
Unknown,Low,2010s,English,5.179,0,0.4043887147335423,0.4043887147335423,5.768320995793772,5.768320995793772,2016,0
Unknown,Low,2010s,Non-English,7.411,0,0.4043887147335423,0.4043887147335423,5.768320995793772,5.768320995793772,2016,1
Unknown,Low,2010s,Non-English,7.46,0,0.4043887147335423,0.4043887147335423,5.768320995793772,5.768320995793772,2016,0
Unknown,Mid,2010s,English,6.814,0,0.4043887147335423,0.4043887147335423,5.768320995793772,5.768320995793772,2016,0
Unknown,Low,2010s,English,7.164,0,0.4043887147335423,0.4043887147335423,5.768320995793772,5.768320995793772,2016,1
Unknown,Low,2010s,English,0.0,0,0.4043887147335423,0.4043887147335423,5.768320995793772,5.768320995793772,2016,1
Unknown,Low,2010s,English,0.0,0,0.4043887147335423,0.4043887147335423,5.768320995793772,5.768320995793772,2016,0
Unknown,Low,2010s,English,0.0,0,0.4043887147335423,0.4043887147335423,5.768320995793772,5.768320995793772,2016,1
Unknown,Low,2010s,Non-English,0.0,0,0.4043887147335423,0.4043887147335423,5.768320995793772,5.768320995793772,2016,1
Unknown,Low,2010s,Non-English,0.0,0,0.4043887147335423,0.4043887147335423,5.768320995793772,5.768320995793772,2016,0
Unknown,Low,2010s,English,0.0,0,0.4043887147335423,0.4043887147335423,5.768320995793772,5.768320995793772,2016,1
Unknown,Low,2010s,Non-English,0.0,0,0.4043887147335423,0.4043887147335423,5.768320995793772,5.768320995793772,2016,1
Unknown,Low,2010s,English,5.432,0,0.4043887147335423,0.4043887147335423,5.768320995793772,5.768320995793772,2015,0
Unknown,Low,2010s,English,5.489,0,0.4043887147335423,0.4043887147335423,5.768320995793772,5.768320995793772,2015,0
Unknown,Low,2010s,English,7.086,0,0.4043887147335423,0.4043887147335423,5.768320995793772,5.768320995793772,2015,1
Unknown,Low,2010s,English,6.742,0,0.4043887147335423,0.4043887147335423,5.768320995793772,5.768320995793772,2015,0
Unknown,Low,2010s,English,7.25,0,0.4043887147335423,0.4043887147335423,5.768320995793772,5.768320995793772,2015,0
Unknown,Low,2010s,English,0.0,0,0.4043887147335423,0.4043887147335423,5.768320995793772,5.768320995793772,2015,1
Unknown,Low,2010s,Non-English,5.775,0,0.4043887147335423,0.4043887147335423,5.768320995793772,5.768320995793772,2015,0
Unknown,High,2010s,English,7.622,0,0.4043887147335423,0.4043887147335423,5.768320995793772,5.768320995793772,2015,1
Unknown,Low,2010s,English,7.571,0,0.4043887147335423,0.4043887147335423,5.768320995793772,5.768320995793772,2015,1
Unknown,Low,2010s,English,0.0,0,0.4043887147335423,0.4043887147335423,5.768320995793772,5.768320995793772,2015,0
Unknown,Low,2010s,Non-English,5.2,0,0.4043887147335423,0.4043887147335423,5.768320995793772,5.768320995793772,2015,1
Unknown,Low,2010s,Non-English,0.0,0,0.4043887147335423,0.4043887147335423,5.768320995793772,5.768320995793772,2015,0
Unknown,Low,2010s,English,7.0,0,0.4043887147335423,0.4043887147335423,5.768320995793772,5.768320995793772,2015,1
Unknown,Low,2010s,English,0.0,0,0.4043887147335423,0.4043887147335423,5.768320995793772,5.768320995793772,2015,1
Unknown,Low,2010s,English,0.0,0,0.4043887147335423,0.4043887147335423,5.768320995793772,5.768320995793772,2015,1
Unknown,Low,2010s,English,0.0,0,0.4043887147335423,0.4043887147335423,5.768320995793772,5.768320995793772,2015,1
Unknown,Low,2010s,Non-English,0.0,0,0.4043887147335423,0.4043887147335423,5.768320995793772,5.768320995793772,2015,1
Unknown,Low,2010s,Non-English,0.0,0,0.4043887147335423,0.4043887147335423,5.768320995793772,5.768320995793772,2015,1
Unknown,Low,2010s,Non-English,0.0,0,0.4043887147335423,0.4043887147335423,5.768320995793772,5.768320995793772,2015,1
Unknown,Low,2010s,Non-English,0.0,0,0.4043887147335423,0.4043887147335423,5.768320995793772,5.768320995793772,2015,0
Unknown,Low,2010s,English,0.0,0,0.4043887147335423,0.4043887147335423,5.768320995793772,5.768320995793772,2014,0
Unknown,Low,2010s,English,3.0,0,0.4043887147335423,0.4043887147335423,5.768320995793772,5.768320995793772,2014,1
Unknown,Low,2010s,English,0.0,0,0.4043887147335423,0.4043887147335423,5.768320995793772,5.768320995793772,2014,1
Unknown,Low,2010s,English,5.0,0,0.4043887147335423,0.4043887147335423,5.768320995793772,5.768320995793772,2014,0
Unknown,Low,2010s,Non-English,4.5,0,0.4043887147335423,0.4043887147335423,5.768320995793772,5.768320995793772,2014,1
Unknown,Low,2010s,English,5.976,0,0.4043887147335423,0.4043887147335423,5.768320995793772,5.768320995793772,2014,0
Unknown,Low,2010s,English,6.51,0,0.4043887147335423,0.4043887147335423,5.768320995793772,5.768320995793772,2014,0
Unknown,Low,2010s,English,6.789,0,0.4043887147335423,0.4043887147335423,5.768320995793772,5.768320995793772,2014,1
Unknown,Low,2010s,Non-English,7.1,0,0.4043887147335423,0.4043887147335423,5.768320995793772,5.768320995793772,2014,0
Unknown,Mid,2010s,English,6.3,0,0.4043887147335423,0.4043887147335423,5.768320995793772,5.768320995793772,2014,0
Unknown,Low,2010s,English,6.467,0,0.4043887147335423,0.4043887147335423,5.768320995793772,5.768320995793772,2014,0
Unknown,Low,2010s,English,6.14,0,0.4043887147335423,0.4043887147335423,5.768320995793772,5.768320995793772,2014,0
Unknown,Low,2010s,Non-English,7.304,0,0.4043887147335423,0.4043887147335423,5.768320995793772,5.768320995793772,2014,1
Unknown,Low,2010s,English,6.899,0,0.4043887147335423,0.4043887147335423,5.768320995793772,5.768320995793772,2014,1
Unknown,Low,2010s,English,7.232,0,0.4043887147335423,0.4043887147335423,5.768320995793772,5.768320995793772,2014,1
Unknown,Low,2010s,English,6.652,0,0.4043887147335423,0.4043887147335423,5.768320995793772,5.768320995793772,2014,0
Unknown,Low,2010s,English,6.416,0,0.4043887147335423,0.4043887147335423,5.768320995793772,5.768320995793772,2014,0
Unknown,Low,2010s,English,5.884,0,0.4043887147335423,0.4043887147335423,5.768320995793772,5.768320995793772,2014,0
Unknown,Low,2010s,Non-English,6.549,0,0.4043887147335423,0.4043887147335423,5.768320995793772,5.768320995793772,2014,0
Unknown,Mid,2010s,Non-English,7.212,0,0.4043887147335423,0.4043887147335423,5.768320995793772,5.768320995793772,2014,0
Unknown,Low,2010s,Non-English,7.0,0,0.4043887147335423,0.4043887147335423,5.768320995793772,5.768320995793772,2014,0
Unknown,Low,2010s,English,0.0,0,0.4043887147335423,0.4043887147335423,5.768320995793772,5.768320995793772,2014,0
Unknown,Low,2010s,English,0.0,0,0.4043887147335423,0.4043887147335423,5.768320995793772,5.768320995793772,2014,0
Unknown,Low,2010s,Non-English,0.0,0,0.4043887147335423,0.4043887147335423,5.768320995793772,5.768320995793772,2014,0
Unknown,Low,2010s,Non-English,0.0,0,0.4043887147335423,0.4043887147335423,5.768320995793772,5.768320995793772,2013,0
Unknown,Low,2010s,English,0.0,0,0.4043887147335423,0.4043887147335423,5.768320995793772,5.768320995793772,2013,1
Unknown,Low,2010s,English,0.0,0,0.4043887147335423,0.4043887147335423,5.768320995793772,5.768320995793772,2013,0
Unknown,Low,2010s,English,0.0,0,0.4043887147335423,0.4043887147335423,5.768320995793772,5.768320995793772,2013,1
Unknown,Low,2010s,English,6.605,0,0.4043887147335423,0.4043887147335423,5.768320995793772,5.768320995793772,2013,1
Unknown,Low,2010s,English,6.287,0,0.4043887147335423,0.4043887147335423,5.768320995793772,5.768320995793772,2013,0
Unknown,Low,2010s,English,7.061,0,0.4043887147335423,0.4043887147335423,5.768320995793772,5.768320995793772,2013,1
Unknown,Low,2010s,English,6.568,0,0.4043887147335423,0.4043887147335423,5.768320995793772,5.768320995793772,2013,0
Unknown,Low,2010s,English,7.055,0,0.4043887147335423,0.4043887147335423,5.768320995793772,5.768320995793772,2013,0
Unknown,Low,2010s,English,5.249,0,0.4043887147335423,0.4043887147335423,5.768320995793772,5.768320995793772,2013,1
Unknown,Low,2010s,Non-English,7.2,0,0.4043887147335423,0.4043887147335423,5.768320995793772,5.768320995793772,2013,1
Unknown,Low,2010s,English,7.098,0,0.4043887147335423,0.4043887147335423,5.768320995793772,5.768320995793772,2013,0
Unknown,Low,2010s,English,5.223,0,0.4043887147335423,0.4043887147335423,5.768320995793772,5.768320995793772,2013,0
Unknown,Low,2010s,English,6.979,0,0.4043887147335423,0.4043887147335423,5.768320995793772,5.768320995793772,2013,1
Unknown,Low,2010s,English,5.991,0,0.4043887147335423,0.4043887147335423,5.768320995793772,5.768320995793772,2013,0
Unknown,Low,2010s,English,6.284,0,0.4043887147335423,0.4043887147335423,5.768320995793772,5.768320995793772,2013,0
Unknown,Low,2010s,English,5.448,0,0.4043887147335423,0.4043887147335423,5.768320995793772,5.768320995793772,2013,0
Unknown,Low,2010s,English,6.8,0,0.4043887147335423,0.4043887147335423,5.768320995793772,5.768320995793772,2013,0
Unknown,Low,2010s,English,4.054,0,0.4043887147335423,0.4043887147335423,5.768320995793772,5.768320995793772,2013,0
Unknown,Low,2010s,English,0.0,0,0.4043887147335423,0.4043887147335423,5.768320995793772,5.768320995793772,2012,1
Unknown,High,2010s,Non-English,0.0,0,0.4043887147335423,0.4043887147335423,5.768320995793772,5.768320995793772,2012,0
Unknown,Low,2010s,Non-English,0.0,0,0.4043887147335423,0.4043887147335423,5.768320995793772,5.768320995793772,2012,1
Unknown,Low,2010s,Non-English,0.0,0,0.4043887147335423,0.4043887147335423,5.768320995793772,5.768320995793772,2012,1
Unknown,Low,2010s,Non-English,0.0,0,0.4043887147335423,0.4043887147335423,5.768320995793772,5.768320995793772,2012,1
Unknown,Low,2010s,English,0.0,0,0.4043887147335423,0.4043887147335423,5.768320995793772,5.768320995793772,2012,0
Unknown,Low,2010s,Non-English,0.0,0,0.4043887147335423,0.4043887147335423,5.768320995793772,5.768320995793772,2012,1
Unknown,Low,2010s,Non-English,0.0,0,0.4043887147335423,0.4043887147335423,5.768320995793772,5.768320995793772,2012,1
Unknown,Low,2010s,English,0.0,0,0.4043887147335423,0.4043887147335423,5.768320995793772,5.768320995793772,2012,1
Unknown,Low,2010s,Non-English,0.0,0,0.4043887147335423,0.4043887147335423,5.768320995793772,5.768320995793772,2012,1
Unknown,Low,2010s,Non-English,5.3,0,0.4043887147335423,0.4043887147335423,5.768320995793772,5.768320995793772,2012,0
Unknown,Low,2010s,Non-English,6.455,0,0.4043887147335423,0.4043887147335423,5.768320995793772,5.768320995793772,2012,0
Unknown,Low,2010s,Non-English,6.179,0,0.4043887147335423,0.4043887147335423,5.768320995793772,5.768320995793772,2012,0
Unknown,Low,2010s,English,5.897,0,0.4043887147335423,0.4043887147335423,5.768320995793772,5.768320995793772,2012,0
Unknown,Low,2010s,Non-English,7.4,0,0.4043887147335423,0.4043887147335423,5.768320995793772,5.768320995793772,2012,1
Unknown,Low,2010s,English,6.525,0,0.4043887147335423,0.4043887147335423,5.768320995793772,5.768320995793772,2012,0
Unknown,Low,2010s,English,6.42,0,0.4043887147335423,0.4043887147335423,5.768320995793772,5.768320995793772,2012,1
Unknown,Low,2010s,English,6.401,0,0.4043887147335423,0.4043887147335423,5.768320995793772,5.768320995793772,2012,0
Unknown,Low,2010s,English,5.664,0,0.4043887147335423,0.4043887147335423,5.768320995793772,5.768320995793772,2012,0
Unknown,Low,2010s,English,6.229,0,0.4043887147335423,0.4043887147335423,5.768320995793772,5.768320995793772,2012,0
Unknown,Low,2010s,English,4.7,0,0.4043887147335423,0.4043887147335423,5.768320995793772,5.768320995793772,2012,0
Unknown,Low,2010s,English,5.561,0,0.4043887147335423,0.4043887147335423,5.768320995793772,5.768320995793772,2012,0
Unknown,Low,2010s,English,6.954,0,0.4043887147335423,0.4043887147335423,5.768320995793772,5.768320995793772,2012,1
Unknown,Low,2010s,Non-English,5.65,0,0.4043887147335423,0.4043887147335423,5.768320995793772,5.768320995793772,2012,0
Unknown,Low,2010s,English,6.57,0,0.4043887147335423,0.4043887147335423,5.768320995793772,5.768320995793772,2012,1
Unknown,Mid,2010s,English,6.64,0,0.4043887147335423,0.4043887147335423,5.768320995793772,5.768320995793772,2012,1
Unknown,Low,2010s,English,5.2,0,0.4043887147335423,0.4043887147335423,5.768320995793772,5.768320995793772,2011,0
Unknown,Low,2010s,English,4.833,0,0.4043887147335423,0.4043887147335423,5.768320995793772,5.768320995793772,2011,0
Unknown,Low,2010s,Non-English,6.0,0,0.4043887147335423,0.4043887147335423,5.768320995793772,5.768320995793772,2011,1
Unknown,Low,2010s,Non-English,7.3,0,0.4043887147335423,0.4043887147335423,5.768320995793772,5.768320995793772,2011,0
Unknown,Low,2010s,Non-English,6.824,0,0.4043887147335423,0.4043887147335423,5.768320995793772,5.768320995793772,2011,0
Unknown,Low,2010s,English,6.551,0,0.4043887147335423,0.4043887147335423,5.768320995793772,5.768320995793772,2011,0
Unknown,Low,2010s,English,6.169,0,0.4043887147335423,0.4043887147335423,5.768320995793772,5.768320995793772,2011,0
Unknown,Low,2010s,English,4.8,0,0.4043887147335423,0.4043887147335423,5.768320995793772,5.768320995793772,2011,0
Unknown,Low,2010s,English,6.839,0,0.4043887147335423,0.4043887147335423,5.768320995793772,5.768320995793772,2011,1
Unknown,Low,2010s,English,6.94,0,0.4043887147335423,0.4043887147335423,5.768320995793772,5.768320995793772,2011,1
Unknown,Low,2010s,Non-English,9.0,0,0.4043887147335423,0.4043887147335423,5.768320995793772,5.768320995793772,2011,0
Unknown,Low,2010s,English,7.3,0,0.4043887147335423,0.4043887147335423,5.768320995793772,5.768320995793772,2011,1
Unknown,Low,2010s,Non-English,6.333,0,0.4043887147335423,0.4043887147335423,5.768320995793772,5.768320995793772,2011,0
Unknown,Low,2010s,English,0.0,0,0.4043887147335423,0.4043887147335423,5.768320995793772,5.768320995793772,2011,1
Unknown,Low,2010s,English,0.0,0,0.4043887147335423,0.4043887147335423,5.768320995793772,5.768320995793772,2011,1
Unknown,Low,2010s,English,5.0,0,0.4043887147335423,0.4043887147335423,5.768320995793772,5.768320995793772,2011,1
Unknown,Low,2010s,English,0.0,0,0.4043887147335423,0.4043887147335423,5.768320995793772,5.768320995793772,2011,1
Unknown,Low,2010s,Non-English,0.0,0,0.4043887147335423,0.4043887147335423,5.768320995793772,5.768320995793772,2011,1
Unknown,Low,2010s,Non-English,0.0,0,0.4043887147335423,0.4043887147335423,5.768320995793772,5.768320995793772,2011,0
Unknown,Low,2010s,Non-English,0.0,0,0.4043887147335423,0.4043887147335423,5.768320995793772,5.768320995793772,2010,0
Unknown,Low,2010s,English,10.0,0,0.4043887147335423,0.4043887147335423,5.768320995793772,5.768320995793772,2010,0
Unknown,Low,2010s,English,0.0,0,0.4043887147335423,0.4043887147335423,5.768320995793772,5.768320995793772,2010,1
Unknown,Low,2010s,English,0.0,0,0.4043887147335423,0.4043887147335423,5.768320995793772,5.768320995793772,2010,1
Unknown,Low,2010s,English,10.0,0,0.4043887147335423,0.4043887147335423,5.768320995793772,5.768320995793772,2010,0
Unknown,Low,2010s,Non-English,5.5,0,0.4043887147335423,0.4043887147335423,5.768320995793772,5.768320995793772,2010,0
Unknown,Low,2010s,English,6.3,0,0.4043887147335423,0.4043887147335423,5.768320995793772,5.768320995793772,2010,1
Unknown,Low,2010s,English,5.5,0,0.4043887147335423,0.4043887147335423,5.768320995793772,5.768320995793772,2010,0
Unknown,Low,2010s,Non-English,6.4,0,0.4043887147335423,0.4043887147335423,5.768320995793772,5.768320995793772,2010,0
Unknown,Low,2010s,English,7.297,0,0.4043887147335423,0.4043887147335423,5.768320995793772,5.768320995793772,2010,0
Unknown,Low,2010s,English,5.6,0,0.4043887147335423,0.4043887147335423,5.768320995793772,5.768320995793772,2010,0
Unknown,Low,2010s,Non-English,4.168,0,0.4043887147335423,0.4043887147335423,5.768320995793772,5.768320995793772,2010,0
Unknown,Low,2010s,English,5.03,0,0.4043887147335423,0.4043887147335423,5.768320995793772,5.768320995793772,2010,0
Unknown,Low,2010s,English,3.857,0,0.4043887147335423,0.4043887147335423,5.768320995793772,5.768320995793772,2010,0
Unknown,Low,2010s,English,4.9,0,0.4043887147335423,0.4043887147335423,5.768320995793772,5.768320995793772,2010,1
Unknown,Low,2010s,English,6.2,0,0.4043887147335423,0.4043887147335423,5.768320995793772,5.768320995793772,2010,0
Unknown,Low,2010s,English,5.901,0,0.4043887147335423,0.4043887147335423,5.768320995793772,5.768320995793772,2010,0
Unknown,Low,2010s,Non-English,6.766,0,0.4043887147335423,0.4043887147335423,5.768320995793772,5.768320995793772,2010,1
Unknown,Low,2010s,English,4.885,0,0.4043887147335423,0.4043887147335423,5.768320995793772,5.768320995793772,2010,0
Unknown,Low,2010s,English,6.3,0,0.4043887147335423,0.4043887147335423,5.768320995793772,5.768320995793772,2010,1
Unknown,Low,2010s,English,6.703,0,0.4043887147335423,0.4043887147335423,5.768320995793772,5.768320995793772,2010,1
Unknown,Low,2010s,English,6.697,0,0.4043887147335423,0.4043887147335423,5.768320995793772,5.768320995793772,2010,0
Unknown,Low,2010s,English,6.175,0,0.4043887147335423,0.4043887147335423,5.768320995793772,5.768320995793772,2010,0
Unknown,Low,2010s,English,6.371,0,0.4043887147335423,0.4043887147335423,5.768320995793772,5.768320995793772,2010,0
Unknown,Mid,2010s,English,6.225,0,0.4043887147335423,0.4043887147335423,5.768320995793772,5.768320995793772,2010,0
Unknown,Low,2010s,English,5.642,0,0.4043887147335423,0.4043887147335423,5.768320995793772,5.768320995793772,2010,0
Unknown,Low,2010s,Non-English,5.5,0,0.4043887147335423,0.4043887147335423,5.768320995793772,5.768320995793772,2010,0
Unknown,Low,2010s,Non-English,5.0,0,0.4043887147335423,0.4043887147335423,5.768320995793772,5.768320995793772,2010,0
Unknown,Low,2010s,Non-English,0.0,0,0.4043887147335423,0.4043887147335423,5.768320995793772,5.768320995793772,2010,1
Unknown,Low,2010s,English,0.0,0,0.4043887147335423,0.4043887147335423,5.768320995793772,5.768320995793772,2010,1
Unknown,Low,2010s,English,0.0,0,0.4043887147335423,0.4043887147335423,5.768320995793772,5.768320995793772,2010,1
Unknown,Low,2010s,Non-English,0.0,0,0.4043887147335423,0.4043887147335423,5.768320995793772,5.768320995793772,2010,1
Unknown,Low,2010s,English,0.0,0,0.4043887147335423,0.4043887147335423,5.768320995793772,5.768320995793772,2010,0
Unknown,Low,2000s,English,2.2,0,0.4043887147335423,0.4043887147335423,5.768320995793772,5.768320995793772,2009,0
Unknown,Low,2000s,English,6.26,0,0.4043887147335423,0.4043887147335423,5.768320995793772,5.768320995793772,2009,0
Unknown,Low,2000s,English,5.849,0,0.4043887147335423,0.4043887147335423,5.768320995793772,5.768320995793772,2009,0
Unknown,Low,2000s,Non-English,6.7,0,0.4043887147335423,0.4043887147335423,5.768320995793772,5.768320995793772,2009,0
Unknown,Low,2000s,English,6.6,0,0.4043887147335423,0.4043887147335423,5.768320995793772,5.768320995793772,2009,0
Unknown,Low,2000s,English,6.447,0,0.4043887147335423,0.4043887147335423,5.768320995793772,5.768320995793772,2009,0
Unknown,Mid,2000s,English,6.6,0,0.4043887147335423,0.4043887147335423,5.768320995793772,5.768320995793772,2009,0
Unknown,Low,2000s,English,6.97,0,0.4043887147335423,0.4043887147335423,5.768320995793772,5.768320995793772,2009,1
Unknown,Low,2000s,Non-English,6.522,0,0.4043887147335423,0.4043887147335423,5.768320995793772,5.768320995793772,2009,1
Unknown,Low,2000s,Non-English,0.0,0,0.4043887147335423,0.4043887147335423,5.768320995793772,5.768320995793772,2009,1
Unknown,Low,2000s,English,10.0,0,0.4043887147335423,0.4043887147335423,5.768320995793772,5.768320995793772,2009,1
Unknown,Low,2000s,English,0.0,0,0.4043887147335423,0.4043887147335423,5.768320995793772,5.768320995793772,2008,0
Unknown,Low,2000s,Non-English,10.0,0,0.4043887147335423,0.4043887147335423,5.768320995793772,5.768320995793772,2008,1
Unknown,Low,2000s,Non-English,0.0,0,0.4043887147335423,0.4043887147335423,5.768320995793772,5.768320995793772,2008,0
Unknown,Low,2000s,Non-English,0.0,0,0.4043887147335423,0.4043887147335423,5.768320995793772,5.768320995793772,2008,1
Unknown,Low,2000s,Non-English,0.0,0,0.4043887147335423,0.4043887147335423,5.768320995793772,5.768320995793772,2008,1
Unknown,Low,2000s,Non-English,0.0,0,0.4043887147335423,0.4043887147335423,5.768320995793772,5.768320995793772,2008,1
Unknown,Low,2000s,Non-English,0.0,0,0.4043887147335423,0.4043887147335423,5.768320995793772,5.768320995793772,2008,0
Unknown,Low,2000s,English,6.185,0,0.4043887147335423,0.4043887147335423,5.768320995793772,5.768320995793772,2008,0
Unknown,Low,2000s,English,6.932,0,0.4043887147335423,0.4043887147335423,5.768320995793772,5.768320995793772,2008,0
Unknown,Low,2000s,English,6.669,0,0.4043887147335423,0.4043887147335423,5.768320995793772,5.768320995793772,2008,0
Unknown,Low,2000s,English,6.5,0,0.4043887147335423,0.4043887147335423,5.768320995793772,5.768320995793772,2008,0
Unknown,Low,2000s,English,7.128,0,0.4043887147335423,0.4043887147335423,5.768320995793772,5.768320995793772,2008,1
Unknown,Low,2000s,English,8.0,0,0.4043887147335423,0.4043887147335423,5.768320995793772,5.768320995793772,2008,0
Unknown,Low,2000s,English,5.761,0,0.4043887147335423,0.4043887147335423,5.768320995793772,5.768320995793772,2008,0
Unknown,Low,2000s,English,6.56,0,0.4043887147335423,0.4043887147335423,5.768320995793772,5.768320995793772,2008,0
Unknown,Low,2000s,English,4.928,0,0.4043887147335423,0.4043887147335423,5.768320995793772,5.768320995793772,2008,0
Unknown,Low,2000s,English,0.0,0,0.4043887147335423,0.4043887147335423,5.768320995793772,5.768320995793772,2007,0
Unknown,Low,2000s,Non-English,8.0,0,0.4043887147335423,0.4043887147335423,5.768320995793772,5.768320995793772,2007,1
Unknown,Low,2000s,English,0.0,0,0.4043887147335423,0.4043887147335423,5.768320995793772,5.768320995793772,2007,1
Unknown,Low,2000s,Non-English,0.0,0,0.4043887147335423,0.4043887147335423,5.768320995793772,5.768320995793772,2007,1
Unknown,Low,2000s,English,4.8,0,0.4043887147335423,0.4043887147335423,5.768320995793772,5.768320995793772,2007,1
Unknown,Low,2000s,English,7.0,0,0.4043887147335423,0.4043887147335423,5.768320995793772,5.768320995793772,2007,0
Unknown,Low,2000s,English,5.75,0,0.4043887147335423,0.4043887147335423,5.768320995793772,5.768320995793772,2007,0
Unknown,Low,2000s,English,5.965,0,0.4043887147335423,0.4043887147335423,5.768320995793772,5.768320995793772,2007,0
Unknown,Low,2000s,English,6.11,0,0.4043887147335423,0.4043887147335423,5.768320995793772,5.768320995793772,2007,1
Unknown,Low,2000s,English,5.217,0,0.4043887147335423,0.4043887147335423,5.768320995793772,5.768320995793772,2007,0
Unknown,Low,2000s,English,5.625,0,0.4043887147335423,0.4043887147335423,5.768320995793772,5.768320995793772,2007,1
Unknown,Low,2000s,Non-English,5.4,0,0.4043887147335423,0.4043887147335423,5.768320995793772,5.768320995793772,2007,0
Unknown,Low,2000s,English,6.951,0,0.4043887147335423,0.4043887147335423,5.768320995793772,5.768320995793772,2007,0
Unknown,Low,2000s,English,5.525,0,0.4043887147335423,0.4043887147335423,5.768320995793772,5.768320995793772,2007,0
Unknown,Low,2000s,English,6.996,0,0.4043887147335423,0.4043887147335423,5.768320995793772,5.768320995793772,2007,1
Unknown,Low,2000s,English,7.482,0,0.4043887147335423,0.4043887147335423,5.768320995793772,5.768320995793772,2007,1
Unknown,Low,2000s,English,6.416,0,0.4043887147335423,0.4043887147335423,5.768320995793772,5.768320995793772,2007,0
Unknown,Low,2000s,English,4.458,0,0.4043887147335423,0.4043887147335423,5.768320995793772,5.768320995793772,2007,0
Unknown,Low,2000s,English,6.234,0,0.4043887147335423,0.4043887147335423,5.768320995793772,5.768320995793772,2007,0
Unknown,Low,2000s,English,2.75,0,0.4043887147335423,0.4043887147335423,5.768320995793772,5.768320995793772,2007,0
Unknown,Mid,2000s,English,7.189,0,0.4043887147335423,0.4043887147335423,5.768320995793772,5.768320995793772,2007,1
Unknown,Low,2000s,Non-English,4.638,0,0.4043887147335423,0.4043887147335423,5.768320995793772,5.768320995793772,2007,0
Unknown,Mid,2000s,English,5.045,0,0.4043887147335423,0.4043887147335423,5.768320995793772,5.768320995793772,2007,0
Unknown,Low,2000s,English,4.465,0,0.4043887147335423,0.4043887147335423,5.768320995793772,5.768320995793772,2006,0
Unknown,Low,2000s,English,6.821,0,0.4043887147335423,0.4043887147335423,5.768320995793772,5.768320995793772,2006,1
Unknown,Low,2000s,English,6.559,0,0.4043887147335423,0.4043887147335423,5.768320995793772,5.768320995793772,2006,0
Unknown,Low,2000s,English,5.833,0,0.4043887147335423,0.4043887147335423,5.768320995793772,5.768320995793772,2006,0
Unknown,Low,2000s,English,5.57,0,0.4043887147335423,0.4043887147335423,5.768320995793772,5.768320995793772,2006,0
Unknown,Low,2000s,English,5.222,0,0.4043887147335423,0.4043887147335423,5.768320995793772,5.768320995793772,2006,0
Unknown,Low,2000s,English,4.173,0,0.4043887147335423,0.4043887147335423,5.768320995793772,5.768320995793772,2006,0
Unknown,Low,2000s,English,6.287,0,0.4043887147335423,0.4043887147335423,5.768320995793772,5.768320995793772,2006,1
Unknown,Low,2000s,English,6.3,0,0.4043887147335423,0.4043887147335423,5.768320995793772,5.768320995793772,2006,0
Unknown,Low,2000s,English,7.567,0,0.4043887147335423,0.4043887147335423,5.768320995793772,5.768320995793772,2006,1
Unknown,Low,2000s,English,6.06,0,0.4043887147335423,0.4043887147335423,5.768320995793772,5.768320995793772,2006,0
Unknown,Low,2000s,English,6.826,0,0.4043887147335423,0.4043887147335423,5.768320995793772,5.768320995793772,2006,0
Unknown,Low,2000s,English,5.946,0,0.4043887147335423,0.4043887147335423,5.768320995793772,5.768320995793772,2006,1
Unknown,Mid,2000s,English,7.899,0,0.4043887147335423,0.4043887147335423,5.768320995793772,5.768320995793772,2006,1
Unknown,Low,2000s,English,4.097,0,0.4043887147335423,0.4043887147335423,5.768320995793772,5.768320995793772,2006,0
Unknown,Low,2000s,Non-English,6.143,0,0.4043887147335423,0.4043887147335423,5.768320995793772,5.768320995793772,2006,1
Unknown,Low,2000s,Non-English,0.0,0,0.4043887147335423,0.4043887147335423,5.768320995793772,5.768320995793772,2006,0
Unknown,Low,2000s,English,5.0,0,0.4043887147335423,0.4043887147335423,5.768320995793772,5.768320995793772,2006,1
Unknown,Low,2000s,English,0.0,0,0.4043887147335423,0.4043887147335423,5.768320995793772,5.768320995793772,2006,1
Unknown,Low,2000s,English,0.0,0,0.4043887147335423,0.4043887147335423,5.768320995793772,5.768320995793772,2005,0
Unknown,Low,2000s,English,0.0,0,0.4043887147335423,0.4043887147335423,5.768320995793772,5.768320995793772,2005,1
Unknown,Low,2000s,English,0.0,0,0.4043887147335423,0.4043887147335423,5.768320995793772,5.768320995793772,2005,1
Unknown,Low,2000s,Non-English,0.0,0,0.4043887147335423,0.4043887147335423,5.768320995793772,5.768320995793772,2005,1
Unknown,Low,2000s,Non-English,0.0,0,0.4043887147335423,0.4043887147335423,5.768320995793772,5.768320995793772,2005,1
Unknown,Low,2000s,Non-English,0.0,0,0.4043887147335423,0.4043887147335423,5.768320995793772,5.768320995793772,2005,0
Unknown,Low,2000s,English,0.0,0,0.4043887147335423,0.4043887147335423,5.768320995793772,5.768320995793772,2005,0
Unknown,Low,2000s,English,0.0,0,0.4043887147335423,0.4043887147335423,5.768320995793772,5.768320995793772,2005,0
Unknown,Low,2000s,English,0.0,0,0.4043887147335423,0.4043887147335423,5.768320995793772,5.768320995793772,2005,0
Unknown,Low,2000s,English,0.0,0,0.4043887147335423,0.4043887147335423,5.768320995793772,5.768320995793772,2005,0
Unknown,Low,2000s,Non-English,0.0,0,0.4043887147335423,0.4043887147335423,5.768320995793772,5.768320995793772,2005,1
Unknown,Low,2000s,English,5.7,0,0.4043887147335423,0.4043887147335423,5.768320995793772,5.768320995793772,2005,0
Unknown,Low,2000s,English,5.699,0,0.4043887147335423,0.4043887147335423,5.768320995793772,5.768320995793772,2005,0
Unknown,Low,2000s,English,6.491,0,0.4043887147335423,0.4043887147335423,5.768320995793772,5.768320995793772,2005,0
Unknown,Low,2000s,English,5.358,0,0.4043887147335423,0.4043887147335423,5.768320995793772,5.768320995793772,2005,1
